Gene name,GO term accession,GO domain
ADHFE1,GO:0046872,molecular_function
ADHFE1,GO:0016491,molecular_function
ADHFE1,GO:0004022,molecular_function
ADHFE1,GO:0006629,biological_process
ADHFE1,GO:0005739,cellular_component
ADHFE1,GO:0047988,molecular_function
ADHFE1,GO:0005759,cellular_component
ADHFE1,GO:0006103,biological_process
ADHFE1,GO:0006539,biological_process
ADHFE1,,
AGFG1,GO:0005096,molecular_function
AGFG1,GO:0005634,cellular_component
AGFG1,GO:0051028,biological_process
AGFG1,GO:0031410,cellular_component
AGFG1,GO:0043231,cellular_component
AGFG1,GO:0046872,molecular_function
AGFG1,GO:0003677,molecular_function
AGFG1,GO:0030154,biological_process
AGFG1,GO:0005515,molecular_function
AGFG1,GO:0007283,biological_process
AGFG1,GO:0005737,cellular_component
AGFG1,GO:0045109,biological_process
AGFG1,GO:0005829,cellular_component
AGFG1,GO:0005643,cellular_component
AGFG1,GO:0003723,molecular_function
AGFG1,GO:0001675,biological_process
AGFG1,GO:0006406,biological_process
AGFG1,GO:0007289,biological_process
AGFG1,,
AIM2,GO:0002218,biological_process
AIM2,GO:0035458,biological_process
AIM2,GO:0005634,cellular_component
AIM2,GO:0005737,cellular_component
AIM2,GO:0005654,cellular_component
AIM2,GO:0005829,cellular_component
AIM2,GO:0005739,cellular_component
AIM2,GO:0003677,molecular_function
AIM2,GO:0006974,biological_process
AIM2,GO:0005515,molecular_function
AIM2,GO:0002376,biological_process
AIM2,GO:0045087,biological_process
AIM2,GO:0006954,biological_process
AIM2,GO:0042802,molecular_function
AIM2,GO:0061702,cellular_component
AIM2,GO:0035861,cellular_component
AIM2,GO:0032731,biological_process
AIM2,GO:0032088,biological_process
AIM2,GO:0051607,biological_process
AIM2,GO:0003690,molecular_function
AIM2,GO:0006955,biological_process
AIM2,GO:0051092,biological_process
AIM2,GO:0007420,biological_process
AIM2,GO:0035591,molecular_function
AIM2,GO:0038187,molecular_function
AIM2,GO:0051898,biological_process
AIM2,GO:0071466,biological_process
AIM2,GO:0140608,molecular_function
AIM2,GO:0002221,biological_process
AIM2,GO:0002230,biological_process
AIM2,GO:0033209,biological_process
AIM2,GO:0043029,biological_process
AIM2,GO:0050729,biological_process
AIM2,GO:0050795,biological_process
AIM2,GO:0070050,biological_process
AIM2,GO:0070269,biological_process
AIM2,GO:0140970,
AIM2,GO:1904270,biological_process
AIM2,GO:2001056,biological_process
AIM2,GO:0097169,cellular_component
AIM2,,
AKT1,GO:0005524,molecular_function
AKT1,GO:0006468,biological_process
AKT1,GO:0004674,molecular_function
AKT1,GO:0004672,molecular_function
AKT1,GO:0005515,molecular_function
AKT1,GO:0010628,biological_process
AKT1,GO:0005634,cellular_component
AKT1,GO:0005737,cellular_component
AKT1,GO:0016020,cellular_component
AKT1,GO:0032991,cellular_component
AKT1,GO:0000166,molecular_function
AKT1,GO:0016301,molecular_function
AKT1,GO:0016740,molecular_function
AKT1,GO:0016310,biological_process
AKT1,GO:0043066,biological_process
AKT1,GO:0007165,biological_process
AKT1,GO:0005654,cellular_component
AKT1,GO:0005886,cellular_component
AKT1,GO:0006915,biological_process
AKT1,GO:0006417,biological_process
AKT1,GO:0005829,cellular_component
AKT1,GO:0030154,biological_process
AKT1,GO:0042803,molecular_function
AKT1,GO:0005975,biological_process
AKT1,GO:0005977,biological_process
AKT1,GO:0015630,cellular_component
AKT1,GO:0007399,biological_process
AKT1,GO:0106310,molecular_function
AKT1,GO:0098794,cellular_component
AKT1,GO:0006606,biological_process
AKT1,GO:0031982,cellular_component
AKT1,GO:0008643,biological_process
AKT1,GO:0006006,biological_process
AKT1,GO:0008284,biological_process
AKT1,GO:0042802,molecular_function
AKT1,GO:0005978,biological_process
AKT1,GO:0005516,molecular_function
AKT1,GO:0042981,biological_process
AKT1,GO:0033138,biological_process
AKT1,GO:0160049,biological_process
AKT1,GO:0030334,biological_process
AKT1,GO:0071356,biological_process
AKT1,GO:0005547,molecular_function
AKT1,GO:0043325,molecular_function
AKT1,GO:0060416,biological_process
AKT1,GO:1990418,biological_process
AKT1,GO:0004712,molecular_function
AKT1,GO:0035556,biological_process
AKT1,GO:1901796,biological_process
AKT1,GO:0007186,biological_process
AKT1,GO:0030027,cellular_component
AKT1,GO:0045746,biological_process
AKT1,GO:0010595,biological_process
AKT1,GO:0043491,biological_process
AKT1,GO:0046777,biological_process
AKT1,GO:0007173,biological_process
AKT1,GO:0008286,biological_process
AKT1,GO:0032869,biological_process
AKT1,GO:0051091,biological_process
AKT1,GO:0030307,biological_process
AKT1,GO:0043154,biological_process
AKT1,GO:0001934,biological_process
AKT1,GO:0019899,molecular_function
AKT1,GO:0051000,biological_process
AKT1,GO:2001240,biological_process
AKT1,GO:0018107,biological_process
AKT1,GO:0002042,biological_process
AKT1,GO:0060644,biological_process
AKT1,GO:0018105,biological_process
AKT1,GO:0071889,molecular_function
AKT1,GO:0007249,biological_process
AKT1,GO:0034614,biological_process
AKT1,GO:0038061,biological_process
AKT1,GO:0045893,biological_process
AKT1,GO:0071276,biological_process
AKT1,GO:1904263,biological_process
AKT1,GO:0051247,biological_process
AKT1,GO:0006469,biological_process
AKT1,GO:0031295,biological_process
AKT1,GO:1903078,biological_process
AKT1,GO:1902018,biological_process
AKT1,GO:0008283,biological_process
AKT1,GO:0045429,biological_process
AKT1,GO:0001938,biological_process
AKT1,GO:0030291,molecular_function
AKT1,GO:0090201,biological_process
AKT1,GO:0006979,biological_process
AKT1,GO:0046889,biological_process
AKT1,GO:0071364,biological_process
AKT1,GO:0019221,biological_process
AKT1,GO:0032436,biological_process
AKT1,GO:0005938,cellular_component
AKT1,GO:0045600,biological_process
AKT1,GO:1900182,biological_process
AKT1,GO:0031397,biological_process
AKT1,GO:0032091,biological_process
AKT1,GO:0045737,biological_process
AKT1,GO:0070141,biological_process
AKT1,GO:1900087,biological_process
AKT1,GO:0045861,biological_process
AKT1,GO:1903038,biological_process
AKT1,GO:0070848,biological_process
AKT1,GO:0035655,biological_process
AKT1,GO:0048661,biological_process
AKT1,GO:0045725,biological_process
AKT1,GO:0046326,biological_process
AKT1,GO:1902176,biological_process
AKT1,GO:0010951,biological_process
AKT1,GO:1990090,biological_process
AKT1,GO:0048009,biological_process
AKT1,GO:0071901,biological_process
AKT1,GO:0010748,biological_process
AKT1,GO:0043536,biological_process
AKT1,GO:0060079,biological_process
AKT1,GO:0006809,biological_process
AKT1,GO:0043488,biological_process
AKT1,GO:0072655,biological_process
AKT1,GO:0072656,biological_process
AKT1,GO:0032079,biological_process
AKT1,GO:0010975,biological_process
AKT1,GO:0034405,biological_process
AKT1,GO:0006924,biological_process
AKT1,GO:0030235,molecular_function
AKT1,GO:0099104,molecular_function
AKT1,GO:0003376,biological_process
AKT1,GO:0005979,biological_process
AKT1,GO:0009408,biological_process
AKT1,GO:0010507,biological_process
AKT1,GO:0010761,biological_process
AKT1,GO:0010907,biological_process
AKT1,GO:0010918,biological_process
AKT1,GO:0016242,biological_process
AKT1,GO:0019049,biological_process
AKT1,GO:0031929,biological_process
AKT1,GO:0031999,biological_process
AKT1,GO:0043276,biological_process
AKT1,GO:0110002,biological_process
AKT1,GO:0140052,biological_process
AKT1,GO:0150033,biological_process
AKT1,GO:1903721,biological_process
AKT1,GO:1905552,biological_process
AKT1,GO:2000074,biological_process
AKT1,GO:2000402,biological_process
AKT1,GO:0019901,molecular_function
AKT1,GO:0001649,biological_process
AKT1,GO:0001893,biological_process
AKT1,GO:0006954,biological_process
AKT1,GO:0007281,biological_process
AKT1,GO:0008637,biological_process
AKT1,GO:0009725,biological_process
AKT1,GO:0010033,biological_process
AKT1,GO:0010467,biological_process
AKT1,GO:0010629,biological_process
AKT1,GO:0010763,biological_process
AKT1,GO:0010765,biological_process
AKT1,GO:0016567,biological_process
AKT1,GO:0022605,biological_process
AKT1,GO:0030163,biological_process
AKT1,GO:0031641,biological_process
AKT1,GO:0031663,biological_process
AKT1,GO:0032094,biological_process
AKT1,GO:0032287,biological_process
AKT1,GO:0032880,biological_process
AKT1,GO:0035924,biological_process
AKT1,GO:0036294,biological_process
AKT1,GO:0042593,biological_process
AKT1,GO:0043161,biological_process
AKT1,GO:0045944,biological_process
AKT1,GO:0046622,biological_process
AKT1,GO:0048266,biological_process
AKT1,GO:0051146,biological_process
AKT1,GO:0060709,biological_process
AKT1,GO:0060716,biological_process
AKT1,GO:0071363,biological_process
AKT1,GO:0071380,biological_process
AKT1,GO:0097011,biological_process
AKT1,GO:0097194,biological_process
AKT1,GO:0099175,biological_process
AKT1,GO:1901653,biological_process
AKT1,GO:2000010,biological_process
AKT1,GO:2001243,biological_process
AKT1,GO:0005739,cellular_component
AKT1,GO:0005819,cellular_component
AKT1,GO:0005911,cellular_component
AKT1,GO:0036064,cellular_component
AKT1,GO:0098978,cellular_component
AKT1,,
ALDH1A3,GO:0016491,molecular_function
ALDH1A3,GO:0016620,molecular_function
ALDH1A3,GO:0005737,cellular_component
ALDH1A3,GO:0006629,biological_process
ALDH1A3,GO:0042803,molecular_function
ALDH1A3,GO:0042572,biological_process
ALDH1A3,GO:0004029,molecular_function
ALDH1A3,GO:0004030,molecular_function
ALDH1A3,GO:0070324,molecular_function
ALDH1A3,GO:0070403,molecular_function
ALDH1A3,GO:0002072,biological_process
ALDH1A3,GO:0002138,biological_process
ALDH1A3,GO:0006915,biological_process
ALDH1A3,GO:0007626,biological_process
ALDH1A3,GO:0021768,biological_process
ALDH1A3,GO:0031076,biological_process
ALDH1A3,GO:0042472,biological_process
ALDH1A3,GO:0042573,biological_process
ALDH1A3,GO:0043065,biological_process
ALDH1A3,GO:0043584,biological_process
ALDH1A3,GO:0048048,biological_process
ALDH1A3,GO:0050885,biological_process
ALDH1A3,GO:0060013,biological_process
ALDH1A3,GO:0060166,biological_process
ALDH1A3,GO:0060324,biological_process
ALDH1A3,GO:0070384,biological_process
ALDH1A3,GO:0005829,cellular_component
ALDH1A3,GO:0070062,cellular_component
ALDH1A3,GO:0051289,biological_process
ALDH1A3,GO:0001758,molecular_function
ALDH1A3,GO:0042574,biological_process
ALDH1A3,,
APCS,GO:0005615,cellular_component
APCS,GO:0005634,cellular_component
APCS,GO:0005576,cellular_component
APCS,GO:0046872,molecular_function
APCS,GO:0030246,molecular_function
APCS,GO:0005515,molecular_function
APCS,GO:0042802,molecular_function
APCS,GO:0045087,biological_process
APCS,GO:0070062,cellular_component
APCS,GO:0072562,cellular_component
APCS,GO:0062023,cellular_component
APCS,GO:0051082,molecular_function
APCS,GO:0061045,biological_process
APCS,GO:0005509,molecular_function
APCS,GO:0006457,biological_process
APCS,GO:0002674,biological_process
APCS,GO:0046597,biological_process
APCS,GO:0001849,molecular_function
APCS,GO:0046790,molecular_function
APCS,GO:0006953,biological_process
APCS,GO:0044869,biological_process
APCS,GO:0044871,biological_process
APCS,GO:0045656,biological_process
APCS,GO:0048525,biological_process
APCS,GO:0051131,biological_process
APCS,GO:1903016,biological_process
APCS,GO:1903019,biological_process
ATG16L1,GO:0000045,biological_process
ATG16L1,GO:0006807,biological_process
ATG16L1,GO:0043170,biological_process
ATG16L1,GO:0044238,biological_process
ATG16L1,GO:0005515,molecular_function
ATG16L1,GO:0005737,cellular_component
ATG16L1,GO:0016020,cellular_component
ATG16L1,GO:0015031,biological_process
ATG16L1,GO:0005768,cellular_component
ATG16L1,GO:0005764,cellular_component
ATG16L1,GO:0005765,cellular_component
ATG16L1,GO:0010008,cellular_component
ATG16L1,GO:0006914,biological_process
ATG16L1,GO:0005776,cellular_component
ATG16L1,GO:0034045,cellular_component
ATG16L1,GO:0005930,cellular_component
ATG16L1,GO:0042802,molecular_function
ATG16L1,GO:0000421,cellular_component
ATG16L1,GO:0016236,biological_process
ATG16L1,GO:0005829,cellular_component
ATG16L1,GO:0097225,cellular_component
ATG16L1,GO:0043495,molecular_function
ATG16L1,GO:0051020,molecular_function
ATG16L1,GO:0034274,cellular_component
ATG16L1,GO:0019787,molecular_function
ATG16L1,GO:0006501,biological_process
ATG16L1,GO:0016237,biological_process
ATG16L1,GO:0039689,biological_process
ATG16L1,GO:0036020,cellular_component
ATG16L1,GO:0120095,cellular_component
ATG16L1,,
ATG16L1,GO:0010508,biological_process
ATG16L1,GO:0021766,biological_process
ATG16L1,GO:0022038,biological_process
ATG16L1,GO:0034497,biological_process
ATG16L1,GO:0051607,biological_process
ATG16L1,GO:0098792,biological_process
ATN1,GO:0005634,cellular_component
ATN1,GO:0005737,cellular_component
ATN1,GO:0005654,cellular_component
ATN1,GO:0000122,biological_process
ATN1,GO:0070161,cellular_component
ATN1,GO:0045893,biological_process
ATN1,GO:0005515,molecular_function
ATN1,GO:0048471,cellular_component
ATN1,GO:0016363,cellular_component
ATN1,GO:0003714,molecular_function
ATN1,GO:0019904,molecular_function
ATN1,GO:0007417,biological_process
ATN1,GO:0051402,biological_process
ATN1,GO:0003713,molecular_function
ATN1,GO:0001906,biological_process
ATN1,GO:0007283,biological_process
ATN1,GO:0008340,biological_process
ATN1,GO:0008584,biological_process
ATN1,GO:0009791,biological_process
ATN1,GO:0016477,biological_process
ATN1,GO:0030011,biological_process
ATN1,GO:0032094,biological_process
ATN1,GO:0035264,biological_process
ATN1,,
BCAS1,,
BCAS1,GO:0005737,cellular_component
BCAS1,GO:0070062,cellular_component
BCAS1,GO:0042552,biological_process
BDH2,GO:0016491,molecular_function
BDH2,GO:0005737,cellular_component
BDH2,GO:0006629,biological_process
BDH2,GO:0005829,cellular_component
BDH2,GO:0005515,molecular_function
BDH2,GO:0016628,molecular_function
BDH2,GO:0070062,cellular_component
BDH2,GO:0030855,biological_process
BDH2,GO:0003858,molecular_function
BDH2,GO:0006880,biological_process
BDH2,GO:0016617,molecular_function
BDH2,GO:0051287,molecular_function
BDH2,GO:0006635,biological_process
BDH2,GO:0019290,biological_process
BDH2,GO:0042168,biological_process
BDH2,,
BDH2,GO:0008667,molecular_function
CADM3,GO:0016020,cellular_component
CADM3,GO:0005886,cellular_component
CADM3,GO:0007155,biological_process
CADM3,GO:0070161,cellular_component
CADM3,GO:0005515,molecular_function
CADM3,GO:0007156,biological_process
CADM3,GO:0042803,molecular_function
CADM3,GO:0007157,biological_process
CADM3,GO:0005911,cellular_component
CADM3,,
CAPN2,GO:0006508,biological_process
CAPN2,GO:0005509,molecular_function
CAPN2,GO:0004198,molecular_function
CAPN2,GO:0005737,cellular_component
CAPN2,GO:0016020,cellular_component
CAPN2,GO:0046872,molecular_function
CAPN2,GO:0005829,cellular_component
CAPN2,GO:0005886,cellular_component
CAPN2,GO:0008233,molecular_function
CAPN2,GO:0008234,molecular_function
CAPN2,GO:0016787,molecular_function
CAPN2,GO:0005925,cellular_component
CAPN2,GO:0030425,cellular_component
CAPN2,GO:0005515,molecular_function
CAPN2,GO:0071230,biological_process
CAPN2,GO:0070062,cellular_component
CAPN2,GO:0005783,cellular_component
CAPN2,GO:0045121,cellular_component
CAPN2,GO:0005794,cellular_component
CAPN2,GO:0008092,molecular_function
CAPN2,GO:0110158,cellular_component
CAPN2,GO:0051603,biological_process
CAPN2,GO:0051493,biological_process
CAPN2,GO:0030864,cellular_component
CAPN2,GO:0031143,cellular_component
CAPN2,GO:0097038,cellular_component
CAPN2,GO:0019899,molecular_function
CAPN2,GO:0044877,molecular_function
CAPN2,GO:0001666,biological_process
CAPN2,GO:0001824,biological_process
CAPN2,GO:0007520,biological_process
CAPN2,GO:0007565,biological_process
CAPN2,GO:0009612,biological_process
CAPN2,GO:0010666,biological_process
CAPN2,GO:0016540,biological_process
CAPN2,GO:0030163,biological_process
CAPN2,GO:0032675,biological_process
CAPN2,GO:0035458,biological_process
CAPN2,GO:0042542,biological_process
CAPN2,GO:0048266,biological_process
CAPN2,GO:0071222,biological_process
CAPN2,GO:1901741,biological_process
CAPN2,GO:2001247,biological_process
CAPN2,GO:0005634,cellular_component
CAPN2,GO:0005764,cellular_component
CAPN2,GO:0009897,cellular_component
CAPN2,GO:0042995,cellular_component
CAPN2,GO:0043025,cellular_component
CAPN2,GO:0000785,cellular_component
CAPN2,,
CASP5,GO:0008234,molecular_function
CASP5,GO:0006508,biological_process
CASP5,GO:0004197,molecular_function
CASP5,GO:0042981,biological_process
CASP5,GO:0032991,cellular_component
CASP5,GO:0008233,molecular_function
CASP5,GO:0016787,molecular_function
CASP5,GO:0005737,cellular_component
CASP5,GO:0005515,molecular_function
CASP5,GO:0097194,biological_process
CASP5,GO:0005829,cellular_component
CASP5,GO:0071260,biological_process
CASP5,GO:0021762,biological_process
CASP5,GO:0006915,biological_process
CASP5,GO:0072558,cellular_component
CASP5,GO:0097200,molecular_function
CASP8,GO:0005515,molecular_function
CASP8,GO:0042981,biological_process
CASP8,GO:0006508,biological_process
CASP8,GO:0008234,molecular_function
CASP8,GO:0004197,molecular_function
CASP8,GO:0006915,biological_process
CASP8,GO:0005634,cellular_component
CASP8,GO:0005737,cellular_component
CASP8,GO:0110165,cellular_component
CASP8,GO:0032991,cellular_component
CASP8,GO:0005654,cellular_component
CASP8,GO:0005829,cellular_component
CASP8,GO:0008233,molecular_function
CASP8,GO:0016787,molecular_function
CASP8,GO:0043123,biological_process
CASP8,GO:0045088,biological_process
CASP8,GO:0001525,biological_process
CASP8,GO:0042802,molecular_function
CASP8,GO:0007507,biological_process
CASP8,GO:0001817,biological_process
CASP8,GO:0031625,molecular_function
CASP8,GO:0043124,biological_process
CASP8,GO:0051604,biological_process
CASP8,GO:0043065,biological_process
CASP8,GO:0071260,biological_process
CASP8,GO:0042113,biological_process
CASP8,GO:0060546,biological_process
CASP8,GO:0005741,cellular_component
CASP8,GO:0036462,biological_process
CASP8,GO:0097191,biological_process
CASP8,GO:0005856,cellular_component
CASP8,GO:0030101,biological_process
CASP8,GO:0042110,biological_process
CASP8,GO:0005739,cellular_component
CASP8,GO:0034612,biological_process
CASP8,GO:0070269,biological_process
CASP8,GO:0010803,biological_process
CASP8,GO:0031264,cellular_component
CASP8,GO:0097342,cellular_component
CASP8,GO:0097264,biological_process
CASP8,GO:0097194,biological_process
CASP8,GO:0032731,biological_process
CASP8,GO:0035877,molecular_function
CASP8,GO:0008625,biological_process
CASP8,GO:0051603,biological_process
CASP8,GO:0030225,biological_process
CASP8,GO:0045651,biological_process
CASP8,GO:0031265,cellular_component
CASP8,GO:0097153,molecular_function
CASP8,GO:0097199,molecular_function
CASP8,GO:0097190,biological_process
CASP8,GO:0045862,biological_process
CASP8,GO:0097202,biological_process
CASP8,GO:0097110,molecular_function
CASP8,GO:0060715,biological_process
CASP8,,
CASP8,GO:0005123,molecular_function
CASP8,GO:0005164,molecular_function
CASP8,GO:0044877,molecular_function
CASP8,GO:0016485,biological_process
CASP8,GO:0032025,biological_process
CASP8,GO:0032355,biological_process
CASP8,GO:0032496,biological_process
CASP8,GO:0043525,biological_process
CASP8,GO:0045471,biological_process
CASP8,GO:0071407,biological_process
CASP8,GO:0044297,cellular_component
CATSPER1,GO:0016020,cellular_component
CATSPER1,GO:0006811,biological_process
CATSPER1,GO:0055085,biological_process
CATSPER1,GO:0005216,molecular_function
CATSPER1,GO:0036128,cellular_component
CATSPER1,GO:0005227,molecular_function
CATSPER1,GO:0030317,biological_process
CATSPER1,GO:0042995,cellular_component
CATSPER1,GO:0005886,cellular_component
CATSPER1,GO:0005929,cellular_component
CATSPER1,GO:0031514,cellular_component
CATSPER1,GO:0030154,biological_process
CATSPER1,GO:0005515,molecular_function
CATSPER1,GO:0006816,biological_process
CATSPER1,GO:0005262,molecular_function
CATSPER1,GO:0034220,biological_process
CATSPER1,GO:0070588,biological_process
CATSPER1,GO:0007283,biological_process
CATSPER1,GO:0097228,cellular_component
CATSPER1,GO:0005245,molecular_function
CATSPER1,GO:0034702,cellular_component
CATSPER1,GO:0060296,biological_process
CATSPER1,,
CCDC80,GO:0005576,cellular_component
CCDC80,GO:0030198,biological_process
CCDC80,GO:0010811,biological_process
CCDC80,GO:0005604,cellular_component
CCDC80,GO:0001968,molecular_function
CCDC80,GO:0005539,molecular_function
CCDC80,GO:0008201,molecular_function
CCDC80,GO:0009617,biological_process
CCDC80,GO:0005614,cellular_component
CCDC80,GO:0031012,cellular_component
CCDC80,GO:0016020,cellular_component
CCDC80,,
CCL1,GO:0005576,cellular_component
CCL1,GO:0006955,biological_process
CCL1,GO:0008009,molecular_function
CCL1,GO:0005615,cellular_component
CCL1,GO:0005125,molecular_function
CCL1,GO:0006935,biological_process
CCL1,GO:0007186,biological_process
CCL1,GO:0048020,molecular_function
CCL1,GO:0002548,biological_process
CCL1,GO:0006954,biological_process
CCL1,GO:0007165,biological_process
CCL1,GO:0030593,biological_process
CCL1,GO:0048245,biological_process
CCL1,GO:0048247,biological_process
CCL1,GO:0070098,biological_process
CCL1,GO:0070374,biological_process
CCL1,GO:0071346,biological_process
CCL1,GO:0071347,biological_process
CCL1,GO:0071356,biological_process
CCL1,GO:0050729,biological_process
CCL1,GO:0006874,biological_process
CCL1,GO:0032740,biological_process
CCL1,GO:0007204,biological_process
CCL1,GO:0016032,biological_process
CCL1,GO:0090026,biological_process
CCL11,GO:0005576,cellular_component
CCL11,GO:0006955,biological_process
CCL11,GO:0008009,molecular_function
CCL11,GO:0005515,molecular_function
CCL11,GO:0005615,cellular_component
CCL11,GO:0005125,molecular_function
CCL11,GO:0006954,biological_process
CCL11,GO:0007010,biological_process
CCL11,GO:0006935,biological_process
CCL11,GO:0007186,biological_process
CCL11,GO:0008360,biological_process
CCL11,GO:0006468,biological_process
CCL11,GO:0031728,molecular_function
CCL11,GO:0048018,molecular_function
CCL11,GO:0048020,molecular_function
CCL11,GO:0001938,biological_process
CCL11,GO:0002548,biological_process
CCL11,GO:0007165,biological_process
CCL11,GO:0030335,biological_process
CCL11,GO:0030593,biological_process
CCL11,GO:0030838,biological_process
CCL11,GO:0043547,biological_process
CCL11,GO:0048245,biological_process
CCL11,GO:0048247,biological_process
CCL11,GO:0070098,biological_process
CCL11,GO:0070374,biological_process
CCL11,GO:0071346,biological_process
CCL11,GO:0071347,biological_process
CCL11,GO:0071356,biological_process
CCL11,GO:0007155,biological_process
CCL11,GO:0009615,biological_process
CCL11,GO:0009314,biological_process
CCL11,GO:0007611,biological_process
CCL11,GO:0050768,biological_process
CCL11,GO:0006874,biological_process
CCL11,GO:0046983,molecular_function
CCL11,GO:0002544,biological_process
CCL11,GO:0002551,biological_process
CCL11,GO:0007015,biological_process
CCL11,GO:0035962,biological_process
CCL11,GO:0045766,biological_process
CCL11,GO:0060444,biological_process
CCL11,GO:0060763,biological_process
CCL11,GO:0070371,biological_process
CCL11,GO:0070670,biological_process
CCL7,GO:0005576,cellular_component
CCL7,GO:0006955,biological_process
CCL7,GO:0008009,molecular_function
CCL7,GO:0005515,molecular_function
CCL7,GO:0008201,molecular_function
CCL7,GO:0005615,cellular_component
CCL7,GO:0005125,molecular_function
CCL7,GO:0006954,biological_process
CCL7,GO:0007010,biological_process
CCL7,GO:0006935,biological_process
CCL7,GO:0007186,biological_process
CCL7,GO:0030335,biological_process
CCL7,GO:0008360,biological_process
CCL7,GO:0048020,molecular_function
CCL7,GO:0002548,biological_process
CCL7,GO:0007165,biological_process
CCL7,GO:0007267,biological_process
CCL7,GO:0030593,biological_process
CCL7,GO:0048245,biological_process
CCL7,GO:0048247,biological_process
CCL7,GO:0070098,biological_process
CCL7,GO:0070374,biological_process
CCL7,GO:0071346,biological_process
CCL7,GO:0071347,biological_process
CCL7,GO:0071356,biological_process
CCL7,GO:0031726,molecular_function
CCL7,GO:0006874,biological_process
CCL7,GO:2000503,biological_process
CCL7,GO:0031727,molecular_function
CCL7,GO:0010332,biological_process
CCL7,GO:0071361,biological_process
CCL7,,
CCL8,GO:0005576,cellular_component
CCL8,GO:0006955,biological_process
CCL8,GO:0008009,molecular_function
CCL8,GO:0004672,molecular_function
CCL8,GO:0006887,biological_process
CCL8,GO:0005515,molecular_function
CCL8,GO:0008201,molecular_function
CCL8,GO:0005615,cellular_component
CCL8,GO:0006816,biological_process
CCL8,GO:0005125,molecular_function
CCL8,GO:0006954,biological_process
CCL8,GO:0006935,biological_process
CCL8,GO:0007186,biological_process
CCL8,GO:0006874,biological_process
CCL8,GO:0048020,molecular_function
CCL8,GO:0002548,biological_process
CCL8,GO:0007165,biological_process
CCL8,GO:0030593,biological_process
CCL8,GO:0048245,biological_process
CCL8,GO:0048247,biological_process
CCL8,GO:0070098,biological_process
CCL8,GO:0070374,biological_process
CCL8,GO:0071346,biological_process
CCL8,GO:0071347,biological_process
CCL8,GO:0071356,biological_process
CCL8,GO:0009615,biological_process
CCL8,GO:0007267,biological_process
CCL8,GO:0016004,molecular_function
CCL8,GO:0002687,biological_process
CCL8,GO:0044828,biological_process
CCL8,GO:0070664,biological_process
CD1C,GO:0016020,cellular_component
CD1C,GO:0005794,cellular_component
CD1C,GO:0043231,cellular_component
CD1C,GO:0005783,cellular_component
CD1C,GO:0005886,cellular_component
CD1C,GO:0005768,cellular_component
CD1C,GO:0005764,cellular_component
CD1C,GO:0010008,cellular_component
CD1C,GO:0005515,molecular_function
CD1C,GO:0002376,biological_process
CD1C,GO:0002250,biological_process
CD1C,GO:0008289,molecular_function
CD1C,GO:0006955,biological_process
CD1C,GO:0005615,cellular_component
CD1C,GO:0009897,cellular_component
CD1C,GO:0001916,biological_process
CD1C,GO:0030883,molecular_function
CD1C,GO:0030884,molecular_function
CD1C,GO:0071723,molecular_function
CD1C,GO:0048006,biological_process
CD1C,GO:0048007,biological_process
CD1C,GO:0002286,biological_process
CD1C,GO:0051861,molecular_function
CD1D,GO:0005737,cellular_component
CD1D,GO:0016020,cellular_component
CD1D,GO:0005783,cellular_component
CD1D,GO:0005789,cellular_component
CD1D,GO:0005886,cellular_component
CD1D,GO:0005768,cellular_component
CD1D,GO:0005764,cellular_component
CD1D,GO:0005765,cellular_component
CD1D,GO:0010008,cellular_component
CD1D,GO:0005515,molecular_function
CD1D,GO:0002376,biological_process
CD1D,GO:0045087,biological_process
CD1D,GO:0016323,cellular_component
CD1D,GO:0006955,biological_process
CD1D,GO:0005615,cellular_component
CD1D,GO:0009897,cellular_component
CD1D,GO:0042393,molecular_function
CD1D,GO:0045089,biological_process
CD1D,GO:0009986,cellular_component
CD1D,GO:0016045,biological_process
CD1D,GO:0042102,biological_process
CD1D,GO:0045058,biological_process
CD1D,GO:0001916,biological_process
CD1D,GO:0050839,molecular_function
CD1D,GO:0030881,molecular_function
CD1D,GO:0030883,molecular_function
CD1D,GO:0030884,molecular_function
CD1D,GO:0071723,molecular_function
CD1D,GO:0048006,biological_process
CD1D,GO:0048007,biological_process
CD1D,GO:0030882,molecular_function
CD1D,GO:0034113,biological_process
CD1D,,
CD5L,GO:0016020,cellular_component
CD5L,GO:0005044,molecular_function
CD5L,GO:0005737,cellular_component
CD5L,GO:0005576,cellular_component
CD5L,GO:0006915,biological_process
CD5L,GO:0002376,biological_process
CD5L,GO:0006954,biological_process
CD5L,GO:0005886,cellular_component
CD5L,GO:0004252,molecular_function
CD5L,GO:0072562,cellular_component
CD5L,GO:0005615,cellular_component
CD5L,GO:0006968,biological_process
CD5L,GO:0030449,biological_process
CD5L,GO:0031638,biological_process
CD5L,GO:1903661,biological_process
CD5L,GO:0009986,cellular_component
CD5L,,
CD84,GO:0016020,cellular_component
CD84,GO:0043231,cellular_component
CD84,GO:0005886,cellular_component
CD84,GO:0007155,biological_process
CD84,GO:0005515,molecular_function
CD84,GO:0006914,biological_process
CD84,GO:0002376,biological_process
CD84,GO:0045087,biological_process
CD84,GO:0002250,biological_process
CD84,GO:0009897,cellular_component
CD84,GO:0042802,molecular_function
CD84,GO:0043305,biological_process
CD84,GO:0006952,biological_process
CD84,GO:0007156,biological_process
CD84,GO:0042110,biological_process
CD84,GO:0032715,biological_process
CD84,GO:2001256,biological_process
CD84,GO:0032760,biological_process
CD84,GO:0033004,biological_process
CD84,GO:0032685,biological_process
CD84,GO:0032701,biological_process
CD84,GO:0043030,biological_process
CD84,GO:0071639,biological_process
CD84,,
CDH17,GO:0016020,cellular_component
CDH17,GO:0005886,cellular_component
CDH17,GO:0005509,molecular_function
CDH17,GO:0007156,biological_process
CDH17,GO:0007155,biological_process
CDH17,GO:0098609,biological_process
CDH17,GO:0046872,molecular_function
CDH17,GO:0005654,cellular_component
CDH17,GO:0030054,cellular_component
CDH17,GO:0005515,molecular_function
CDH17,GO:0016323,cellular_component
CDH17,GO:0007229,biological_process
CDH17,GO:0005912,cellular_component
CDH17,GO:0045296,molecular_function
CDH17,GO:0007043,biological_process
CDH17,GO:0005178,molecular_function
CDH17,GO:0000902,biological_process
CDH17,GO:0016342,cellular_component
CDH17,GO:0016339,biological_process
CDH17,GO:0034332,biological_process
CDH17,GO:0044331,biological_process
CDH17,GO:0005427,molecular_function
CDH17,GO:0002314,biological_process
CDH17,GO:0002315,biological_process
CDH17,GO:0006857,biological_process
CDH17,GO:0030183,biological_process
CDH17,GO:0033626,biological_process
CDH17,GO:0035672,biological_process
CDH17,GO:0048536,biological_process
CDH17,GO:0009986,cellular_component
CEACAM4,,
CEACAM4,GO:0016020,cellular_component
CEACAM4,GO:0005886,cellular_component
CEACAM4,GO:0006909,biological_process
CEACAM4,GO:0009986,cellular_component
CEACAM4,GO:0007165,biological_process
CEACAM4,GO:0002682,biological_process
CEACAM4,GO:1990782,molecular_function
CFLAR,GO:0005515,molecular_function
CFLAR,GO:0042981,biological_process
CFLAR,GO:0006508,biological_process
CFLAR,GO:0008234,molecular_function
CFLAR,GO:0004197,molecular_function
CFLAR,GO:0005737,cellular_component
CFLAR,GO:0110165,cellular_component
CFLAR,GO:0006915,biological_process
CFLAR,GO:0043123,biological_process
CFLAR,GO:0005829,cellular_component
CFLAR,GO:0030182,biological_process
CFLAR,GO:0043065,biological_process
CFLAR,GO:0002020,molecular_function
CFLAR,GO:0043066,biological_process
CFLAR,GO:0051092,biological_process
CFLAR,GO:0042060,biological_process
CFLAR,GO:1902042,biological_process
CFLAR,GO:0008047,molecular_function
CFLAR,GO:0097153,molecular_function
CFLAR,GO:0007519,biological_process
CFLAR,GO:0014732,biological_process
CFLAR,GO:0014842,biological_process
CFLAR,GO:0014866,biological_process
CFLAR,GO:0030216,biological_process
CFLAR,GO:0030218,biological_process
CFLAR,GO:0043403,biological_process
CFLAR,GO:0060544,biological_process
CFLAR,GO:1901740,biological_process
CFLAR,GO:2001237,biological_process
CFLAR,GO:0031264,cellular_component
CFLAR,GO:0097342,cellular_component
CFLAR,GO:0005123,molecular_function
CFLAR,GO:0044877,molecular_function
CFLAR,GO:0001666,biological_process
CFLAR,GO:0010667,biological_process
CFLAR,GO:0010976,biological_process
CFLAR,GO:0032869,biological_process
CFLAR,GO:0033574,biological_process
CFLAR,GO:0070374,biological_process
CFLAR,GO:0071364,biological_process
CFLAR,GO:0071392,biological_process
CFLAR,GO:0071456,biological_process
CFLAR,GO:0071549,biological_process
CFLAR,GO:0071732,biological_process
CFLAR,GO:0072126,biological_process
CFLAR,GO:1903055,biological_process
CFLAR,GO:1903427,biological_process
CFLAR,GO:1903845,biological_process
CFLAR,GO:1903944,biological_process
CFLAR,GO:1904036,biological_process
CFLAR,GO:2000347,biological_process
CFLAR,GO:0031265,cellular_component
CFLAR,,
COMT,GO:0000287,molecular_function
COMT,GO:0008171,molecular_function
COMT,GO:0008757,molecular_function
COMT,GO:0016206,molecular_function
COMT,GO:0006584,biological_process
COMT,GO:0042135,biological_process
COMT,GO:0005737,cellular_component
COMT,GO:0016020,cellular_component
COMT,GO:0006629,biological_process
COMT,GO:0043231,cellular_component
COMT,GO:0046872,molecular_function
COMT,GO:0016740,molecular_function
COMT,GO:0005886,cellular_component
COMT,GO:0008168,molecular_function
COMT,GO:0032259,biological_process
COMT,GO:0005515,molecular_function
COMT,GO:0045202,cellular_component
COMT,GO:0102084,molecular_function
COMT,GO:0102938,molecular_function
COMT,GO:0032502,biological_process
COMT,GO:0042417,biological_process
COMT,GO:0042424,biological_process
COMT,GO:0005829,cellular_component
COMT,GO:0070062,cellular_component
COMT,GO:0030424,cellular_component
COMT,GO:0030425,cellular_component
COMT,GO:0042420,biological_process
COMT,GO:0016036,biological_process
COMT,GO:0001666,biological_process
COMT,GO:0001963,biological_process
COMT,GO:0007611,biological_process
COMT,GO:0009410,biological_process
COMT,GO:0010035,biological_process
COMT,GO:0010467,biological_process
COMT,GO:0014046,biological_process
COMT,GO:0035640,biological_process
COMT,GO:0035812,biological_process
COMT,GO:0042415,biological_process
COMT,GO:0046959,biological_process
COMT,GO:0048243,biological_process
COMT,GO:0050890,biological_process
COMT,GO:0050965,biological_process
COMT,GO:0071314,biological_process
COMT,GO:0071626,biological_process
COMT,,
COX6C,GO:0016020,cellular_component
COX6C,GO:0005739,cellular_component
COX6C,GO:0005743,cellular_component
COX6C,GO:0005515,molecular_function
COX6C,GO:0006119,biological_process
COX6C,GO:0006123,biological_process
COX6C,GO:0005751,cellular_component
COX6C,GO:0045333,biological_process
COX6C,GO:0031966,cellular_component
COX6C,GO:0006091,biological_process
COX6C,,
CYP2C9,GO:0004497,molecular_function
CYP2C9,GO:0020037,molecular_function
CYP2C9,GO:0005506,molecular_function
CYP2C9,GO:0016705,molecular_function
CYP2C9,GO:0016020,cellular_component
CYP2C9,GO:0006629,biological_process
CYP2C9,GO:0043231,cellular_component
CYP2C9,GO:0046872,molecular_function
CYP2C9,GO:0005783,cellular_component
CYP2C9,GO:0005789,cellular_component
CYP2C9,GO:0005886,cellular_component
CYP2C9,GO:0016491,molecular_function
CYP2C9,GO:0008202,biological_process
CYP2C9,GO:0008203,biological_process
CYP2C9,GO:0005737,cellular_component
CYP2C9,GO:0016712,molecular_function
CYP2C9,GO:0006805,biological_process
CYP2C9,GO:0070330,molecular_function
CYP2C9,GO:0019369,biological_process
CYP2C9,GO:0008210,biological_process
CYP2C9,GO:0046456,biological_process
CYP2C9,GO:0019373,biological_process
CYP2C9,GO:0042759,biological_process
CYP2C9,GO:0097267,biological_process
CYP2C9,GO:0034875,molecular_function
CYP2C9,GO:0016098,biological_process
CYP2C9,GO:0032787,biological_process
CYP2C9,GO:0042178,biological_process
CYP2C9,GO:0070989,biological_process
CYP2C9,GO:0008392,molecular_function
CYP2C9,GO:0008395,molecular_function
CYP2C9,GO:0008404,molecular_function
CYP2C9,GO:0008405,molecular_function
CYP2C9,GO:0018675,molecular_function
CYP2C9,GO:0018676,molecular_function
CYP2C9,GO:0052741,molecular_function
CYP2C9,GO:0019627,biological_process
CYP2C9,GO:0043603,biological_process
CYP2C9,,
DCC,GO:0016020,cellular_component
DCC,GO:0005515,molecular_function
DCC,GO:0006915,biological_process
DCC,GO:0005886,cellular_component
DCC,GO:0005829,cellular_component
DCC,GO:0044295,cellular_component
DCC,GO:0009986,cellular_component
DCC,GO:0098609,biological_process
DCC,GO:0004888,molecular_function
DCC,GO:0007409,biological_process
DCC,GO:0001764,biological_process
DCC,GO:0007411,biological_process
DCC,GO:0010977,biological_process
DCC,GO:0021965,biological_process
DCC,GO:0033563,biological_process
DCC,GO:0033564,biological_process
DCC,GO:0048671,biological_process
DCC,GO:0099170,biological_process
DCC,GO:2000171,biological_process
DCC,GO:0030424,cellular_component
DCC,GO:0098685,cellular_component
DCC,GO:0098839,cellular_component
DCC,,
DCD,GO:0005576,cellular_component
DCD,GO:0008233,molecular_function
DCD,GO:0031640,biological_process
DCD,GO:0003723,molecular_function
DCD,GO:0016020,cellular_component
DCD,GO:0046872,molecular_function
DCD,GO:0034220,biological_process
DCD,GO:0006508,biological_process
DCD,GO:0016787,molecular_function
DCD,GO:0005515,molecular_function
DCD,GO:0042742,biological_process
DCD,GO:0070062,cellular_component
DCD,GO:0050832,biological_process
DCD,GO:0008289,molecular_function
DCD,GO:0051873,biological_process
DCD,GO:0005216,molecular_function
DLC1,GO:0005515,molecular_function
DLC1,GO:0007165,biological_process
DLC1,GO:0008289,molecular_function
DLC1,GO:0005634,cellular_component
DLC1,GO:0005737,cellular_component
DLC1,GO:0016020,cellular_component
DLC1,GO:0043231,cellular_component
DLC1,GO:0005783,cellular_component
DLC1,GO:0005829,cellular_component
DLC1,GO:0030036,biological_process
DLC1,GO:0006915,biological_process
DLC1,GO:0005901,cellular_component
DLC1,GO:0005925,cellular_component
DLC1,GO:0070161,cellular_component
DLC1,GO:0005096,molecular_function
DLC1,GO:0032587,cellular_component
DLC1,GO:0001843,biological_process
DLC1,GO:0008285,biological_process
DLC1,GO:0035023,biological_process
DLC1,GO:0032956,biological_process
DLC1,GO:0051056,biological_process
DLC1,GO:0042169,molecular_function
DLC1,GO:0008360,biological_process
DLC1,GO:0048041,biological_process
DLC1,GO:0030864,cellular_component
DLC1,GO:0051895,biological_process
DLC1,GO:0006919,biological_process
DLC1,GO:0030336,biological_process
DLC1,GO:0003007,biological_process
DLC1,GO:0051497,biological_process
DLC1,GO:0045121,cellular_component
DLC1,GO:0030900,biological_process
DLC1,GO:1900119,biological_process
DLC1,GO:0035307,biological_process
DLC1,GO:0035024,biological_process
DLC1,GO:0021575,biological_process
DLC1,,
DLX2,GO:0003677,molecular_function
DLX2,GO:0006355,biological_process
DLX2,GO:0000981,molecular_function
DLX2,GO:0005634,cellular_component
DLX2,GO:0030154,biological_process
DLX2,GO:0005515,molecular_function
DLX2,GO:0045944,biological_process
DLX2,GO:0000978,molecular_function
DLX2,GO:0000976,molecular_function
DLX2,GO:0000122,biological_process
DLX2,GO:0000785,cellular_component
DLX2,GO:1990837,molecular_function
DLX2,GO:0007420,biological_process
DLX2,GO:0003700,molecular_function
DLX2,GO:0045597,biological_process
DLX2,GO:0046533,biological_process
DLX2,GO:1902871,biological_process
DLX2,GO:0000977,molecular_function
DLX2,GO:0001228,molecular_function
DLX2,GO:0003682,molecular_function
DLX2,GO:0003727,molecular_function
DLX2,GO:0006357,biological_process
DLX2,GO:0007219,biological_process
DLX2,GO:0009954,biological_process
DLX2,GO:0014016,biological_process
DLX2,GO:0021544,biological_process
DLX2,GO:0021766,biological_process
DLX2,GO:0021772,biological_process
DLX2,GO:0021879,biological_process
DLX2,GO:0021892,biological_process
DLX2,GO:0021893,biological_process
DLX2,GO:0042475,biological_process
DLX2,GO:0045746,biological_process
DLX2,GO:0048701,biological_process
DLX2,GO:0048706,biological_process
DLX2,GO:0048709,biological_process
DLX2,GO:0048715,biological_process
DLX2,GO:0048755,biological_process
DLX2,GO:0051216,biological_process
DLX2,GO:0097154,biological_process
E2F6,,
E2F6,GO:0006355,biological_process
E2F6,GO:0006357,biological_process
E2F6,GO:0005667,cellular_component
E2F6,GO:0000978,molecular_function
E2F6,GO:0046983,molecular_function
E2F6,GO:0005634,cellular_component
E2F6,GO:0005654,cellular_component
E2F6,GO:0003677,molecular_function
E2F6,GO:0005515,molecular_function
E2F6,GO:0007049,biological_process
E2F6,GO:0000122,biological_process
E2F6,GO:0000981,molecular_function
E2F6,GO:0001227,molecular_function
E2F6,GO:0003700,molecular_function
E2F6,GO:0043565,molecular_function
E2F6,GO:0000083,biological_process
E2F6,GO:0000785,cellular_component
E2F6,GO:0090575,cellular_component
E2F6,GO:0071339,cellular_component
E2F6,GO:0000977,molecular_function
ENOSF1,GO:0009063,biological_process
ENOSF1,GO:0050023,molecular_function
ENOSF1,GO:0016052,biological_process
ENOSF1,GO:0046872,molecular_function
ENOSF1,GO:0016853,molecular_function
ENOSF1,GO:0005739,cellular_component
ENOSF1,GO:0016829,molecular_function
ENOSF1,GO:0000287,molecular_function
ENOSF1,GO:0016836,molecular_function
ENOSF1,GO:0005575,cellular_component
ENOSF1,,
ESR1,,
ESR1,GO:0003677,molecular_function
ESR1,GO:0006355,biological_process
ESR1,GO:0005634,cellular_component
ESR1,GO:0005496,molecular_function
ESR1,GO:0043401,biological_process
ESR1,GO:0030284,molecular_function
ESR1,GO:0003707,molecular_function
ESR1,GO:0008270,molecular_function
ESR1,GO:0003700,molecular_function
ESR1,GO:0043565,molecular_function
ESR1,GO:0005515,molecular_function
ESR1,GO:0005737,cellular_component
ESR1,GO:0016020,cellular_component
ESR1,GO:0005794,cellular_component
ESR1,GO:0032991,cellular_component
ESR1,GO:0046872,molecular_function
ESR1,GO:0005886,cellular_component
ESR1,GO:0019899,molecular_function
ESR1,GO:0030522,biological_process
ESR1,GO:0005654,cellular_component
ESR1,GO:0045893,biological_process
ESR1,GO:0008289,molecular_function
ESR1,GO:0010629,biological_process
ESR1,GO:0006338,biological_process
ESR1,GO:0045944,biological_process
ESR1,GO:0042802,molecular_function
ESR1,GO:0006357,biological_process
ESR1,GO:0000978,molecular_function
ESR1,GO:0000981,molecular_function
ESR1,GO:0000785,cellular_component
ESR1,GO:0051123,biological_process
ESR1,GO:0003682,molecular_function
ESR1,GO:1990837,molecular_function
ESR1,GO:0005829,cellular_component
ESR1,GO:0019901,molecular_function
ESR1,GO:0043124,biological_process
ESR1,GO:0001228,molecular_function
ESR1,GO:0007165,biological_process
ESR1,GO:0000122,biological_process
ESR1,GO:0043433,biological_process
ESR1,GO:0001221,molecular_function
ESR1,GO:0004879,molecular_function
ESR1,GO:0007204,biological_process
ESR1,GO:0051091,biological_process
ESR1,GO:1902894,biological_process
ESR1,GO:0030518,biological_process
ESR1,GO:0030520,biological_process
ESR1,GO:0032355,biological_process
ESR1,GO:0043627,biological_process
ESR1,GO:0008013,molecular_function
ESR1,GO:0034056,molecular_function
ESR1,GO:0001222,molecular_function
ESR1,GO:0001223,molecular_function
ESR1,GO:0071392,biological_process
ESR1,GO:0007200,biological_process
ESR1,GO:0005667,cellular_component
ESR1,GO:0000791,cellular_component
ESR1,GO:0030235,molecular_function
ESR1,GO:0010863,biological_process
ESR1,GO:0001093,molecular_function
ESR1,GO:0005516,molecular_function
ESR1,GO:0017025,molecular_function
ESR1,GO:0030331,molecular_function
ESR1,GO:0051117,molecular_function
ESR1,GO:0071889,molecular_function
ESR1,GO:0071168,biological_process
ESR1,GO:0071391,biological_process
ESR1,GO:0001547,biological_process
ESR1,GO:0002064,biological_process
ESR1,GO:0006366,biological_process
ESR1,GO:0008209,biological_process
ESR1,GO:0008584,biological_process
ESR1,GO:0034121,biological_process
ESR1,GO:0048144,biological_process
ESR1,GO:0048146,biological_process
ESR1,GO:0048863,biological_process
ESR1,GO:0050727,biological_process
ESR1,GO:0060065,biological_process
ESR1,GO:0060068,biological_process
ESR1,GO:0060523,biological_process
ESR1,GO:0060527,biological_process
ESR1,GO:0060687,biological_process
ESR1,GO:0060745,biological_process
ESR1,GO:0060749,biological_process
ESR1,GO:0060750,biological_process
ESR1,GO:1904035,biological_process
ESR1,GO:0007186,biological_process
ESR1,GO:0038054,molecular_function
FABP1,GO:0008289,molecular_function
FABP1,GO:0005737,cellular_component
FABP1,GO:0043066,biological_process
FABP1,GO:0005654,cellular_component
FABP1,GO:0005829,cellular_component
FABP1,GO:0005515,molecular_function
FABP1,GO:0098869,biological_process
FABP1,GO:0005634,cellular_component
FABP1,GO:0016209,molecular_function
FABP1,GO:0005782,cellular_component
FABP1,GO:0070062,cellular_component
FABP1,GO:0005504,molecular_function
FABP1,GO:0015908,biological_process
FABP1,GO:0043154,biological_process
FABP1,GO:0071456,biological_process
FABP1,GO:0070301,biological_process
FABP1,GO:0003682,molecular_function
FABP1,GO:0005324,molecular_function
FABP1,GO:0005543,molecular_function
FABP1,GO:0032052,molecular_function
FABP1,GO:0070538,molecular_function
FABP1,GO:1901363,molecular_function
FABP1,GO:0015909,biological_process
FABP1,GO:0032000,biological_process
FABP1,GO:0050892,biological_process
FABP1,GO:0045179,cellular_component
FABP1,GO:0032991,cellular_component
FABP1,,
FCRL3,,
FCRL3,GO:0016020,cellular_component
FCRL3,GO:0042995,cellular_component
FCRL3,GO:0005886,cellular_component
FCRL3,GO:0009986,cellular_component
FCRL3,GO:0007166,biological_process
FCRL3,GO:0007338,biological_process
FCRL3,GO:0031528,cellular_component
FCRL3,GO:0004888,molecular_function
FCRL3,GO:0043410,biological_process
FCRL3,GO:0019902,molecular_function
FCRL3,GO:0019903,molecular_function
FCRL3,GO:0019900,molecular_function
FCRL3,GO:0050859,biological_process
FCRL3,GO:1990782,molecular_function
FCRL3,GO:0030890,biological_process
FCRL3,GO:0050864,biological_process
FCRL3,GO:0045577,biological_process
FCRL3,GO:0090279,biological_process
FCRL3,GO:0002638,biological_process
FCRL3,GO:0034163,biological_process
FCRL3,GO:1905184,biological_process
FCRL3,GO:0005515,molecular_function
FSD1,GO:0005515,molecular_function
FSD1,GO:0005634,cellular_component
FSD1,GO:0005737,cellular_component
FSD1,GO:0042802,molecular_function
FSD1,GO:0005856,cellular_component
FSD1,GO:0051301,biological_process
FSD1,GO:0005874,cellular_component
FSD1,GO:0007049,biological_process
FSD1,GO:0032154,cellular_component
FSD1,GO:0008017,molecular_function
FSD1,GO:0005813,cellular_component
FSD1,GO:0051302,biological_process
FSD1,GO:0032465,biological_process
FSD1,GO:0060236,biological_process
FSD1,GO:0031122,biological_process
FSD1,,
FUS,GO:0006355,biological_process
FUS,GO:0003723,molecular_function
FUS,GO:0003676,molecular_function
FUS,GO:0005634,cellular_component
FUS,GO:0008380,biological_process
FUS,GO:0110165,cellular_component
FUS,GO:0046872,molecular_function
FUS,GO:0005654,cellular_component
FUS,GO:0003677,molecular_function
FUS,GO:0045893,biological_process
FUS,GO:0005515,molecular_function
FUS,GO:0006357,biological_process
FUS,GO:0043484,biological_process
FUS,GO:0042802,molecular_function
FUS,GO:0003682,molecular_function
FUS,GO:0003712,molecular_function
FUS,GO:1905168,biological_process
FUS,GO:0051260,biological_process
FUS,GO:0140693,molecular_function
FUS,GO:1990000,biological_process
FUS,GO:0043232,cellular_component
FUS,GO:0048255,biological_process
FUS,GO:0003713,molecular_function
FUS,GO:0003730,molecular_function
FUS,GO:0010467,biological_process
FUS,GO:0005737,cellular_component
FUS,,
FXN,GO:0008199,molecular_function
FXN,GO:0016226,biological_process
FXN,GO:0005739,cellular_component
FXN,GO:0006879,biological_process
FXN,GO:0004322,molecular_function
FXN,GO:0018283,biological_process
FXN,GO:0005515,molecular_function
FXN,GO:0005737,cellular_component
FXN,GO:0046872,molecular_function
FXN,GO:0043066,biological_process
FXN,GO:0006811,biological_process
FXN,GO:0016491,molecular_function
FXN,GO:0005829,cellular_component
FXN,GO:0006119,biological_process
FXN,GO:0007005,biological_process
FXN,GO:0007628,biological_process
FXN,GO:0009060,biological_process
FXN,GO:0009792,biological_process
FXN,GO:0019230,biological_process
FXN,GO:0035265,biological_process
FXN,GO:0040015,biological_process
FXN,GO:0044572,biological_process
FXN,GO:0046621,biological_process
FXN,GO:0046716,biological_process
FXN,GO:0099128,cellular_component
FXN,GO:0006783,biological_process
FXN,GO:0005759,cellular_component
FXN,GO:0008284,biological_process
FXN,GO:0044571,biological_process
FXN,GO:1990229,cellular_component
FXN,GO:0030307,biological_process
FXN,GO:0008198,molecular_function
FXN,GO:0070301,biological_process
FXN,GO:0090201,biological_process
FXN,GO:0016540,biological_process
FXN,GO:0006826,biological_process
FXN,GO:0034986,molecular_function
FXN,GO:0051537,molecular_function
FXN,GO:0043085,biological_process
FXN,GO:0010039,biological_process
FXN,GO:0010722,biological_process
FXN,GO:0051349,biological_process
FXN,GO:1904231,biological_process
FXN,GO:1904234,biological_process
FXN,GO:1990221,cellular_component
GDF5,GO:0005576,cellular_component
GDF5,GO:0008083,molecular_function
GDF5,GO:0016020,cellular_component
GDF5,GO:0005886,cellular_component
GDF5,GO:0005515,molecular_function
GDF5,GO:0005615,cellular_component
GDF5,GO:0005125,molecular_function
GDF5,GO:0051216,biological_process
GDF5,GO:0042802,molecular_function
GDF5,GO:0030509,biological_process
GDF5,GO:0030513,biological_process
GDF5,GO:0005102,molecular_function
GDF5,GO:0002062,biological_process
GDF5,GO:0007178,biological_process
GDF5,GO:0009612,biological_process
GDF5,GO:0030326,biological_process
GDF5,GO:0032332,biological_process
GDF5,GO:0035136,biological_process
GDF5,GO:0035137,biological_process
GDF5,GO:0040014,biological_process
GDF5,GO:0043524,biological_process
GDF5,GO:0043932,biological_process
GDF5,GO:0045666,biological_process
GDF5,GO:0097152,biological_process
GDF5,GO:2001054,biological_process
GDF5,GO:0007267,biological_process
GDF5,GO:0007179,biological_process
GDF5,GO:0036122,molecular_function
GDF5,GO:0060395,biological_process
GDF5,GO:0060391,biological_process
GDF5,GO:0060591,biological_process
GDF5,GO:0050680,biological_process
GDF5,GO:0032331,biological_process
GFM1,GO:0003924,molecular_function
GFM1,GO:0005525,molecular_function
GFM1,GO:0003746,molecular_function
GFM1,GO:0006414,biological_process
GFM1,GO:0003723,molecular_function
GFM1,GO:0006412,biological_process
GFM1,GO:0000166,molecular_function
GFM1,GO:0005739,cellular_component
GFM1,GO:0005515,molecular_function
GFM1,GO:0005759,cellular_component
GFM1,GO:0070125,biological_process
GFM1,GO:0010467,biological_process
GFM1,,
GPR37L1,GO:0007186,biological_process
GPR37L1,GO:0016020,cellular_component
GPR37L1,GO:0004930,molecular_function
GPR37L1,GO:0007165,biological_process
GPR37L1,GO:0005886,cellular_component
GPR37L1,GO:0042995,cellular_component
GPR37L1,GO:0005515,molecular_function
GPR37L1,GO:0060170,cellular_component
GPR37L1,GO:0007193,biological_process
GPR37L1,GO:0043235,cellular_component
GPR37L1,GO:0008528,molecular_function
GPR37L1,GO:0036505,molecular_function
GPR37L1,GO:0042277,molecular_function
GPR37L1,GO:0034614,biological_process
GPR37L1,GO:0043410,biological_process
GPR37L1,GO:0003085,biological_process
GPR37L1,GO:0007224,biological_process
GPR37L1,GO:0021940,biological_process
GPR37L1,GO:0045665,biological_process
GPR37L1,GO:0045879,biological_process
GPR37L1,GO:0048712,biological_process
GPR37L1,GO:0060020,biological_process
GPR37L1,,
GRIA1,,
GRIA1,GO:0016020,cellular_component
GRIA1,GO:0006811,biological_process
GRIA1,GO:0038023,molecular_function
GRIA1,GO:0015276,molecular_function
GRIA1,GO:0005216,molecular_function
GRIA1,GO:0004970,molecular_function
GRIA1,GO:0042995,cellular_component
GRIA1,GO:0005783,cellular_component
GRIA1,GO:0005789,cellular_component
GRIA1,GO:0005886,cellular_component
GRIA1,GO:0005768,cellular_component
GRIA1,GO:0030425,cellular_component
GRIA1,GO:0005515,molecular_function
GRIA1,GO:0055038,cellular_component
GRIA1,GO:0045202,cellular_component
GRIA1,GO:0055037,cellular_component
GRIA1,GO:0045211,cellular_component
GRIA1,GO:0034220,biological_process
GRIA1,GO:0031901,cellular_component
GRIA1,GO:0099505,biological_process
GRIA1,GO:0014069,cellular_component
GRIA1,GO:0043197,cellular_component
GRIA1,GO:0007215,biological_process
GRIA1,GO:0035235,biological_process
GRIA1,GO:0098793,cellular_component
GRIA1,GO:0098839,cellular_component
GRIA1,GO:0032591,cellular_component
GRIA1,GO:0032281,cellular_component
GRIA1,GO:0009986,cellular_component
GRIA1,GO:0007165,biological_process
GRIA1,GO:0001540,molecular_function
GRIA1,GO:0043025,cellular_component
GRIA1,GO:0030666,cellular_component
GRIA1,GO:0007268,biological_process
GRIA1,GO:0012507,cellular_component
GRIA1,GO:0033116,cellular_component
GRIA1,GO:0035249,biological_process
GRIA1,GO:1904315,molecular_function
GRIA1,GO:0008066,molecular_function
GRIA1,GO:0030165,molecular_function
GRIA1,GO:0050804,biological_process
GRIA1,GO:0099507,molecular_function
GRIA1,GO:0099566,biological_process
GRIA1,GO:0097060,cellular_component
GRIA1,GO:0099583,molecular_function
GRIA1,GO:0004971,molecular_function
GRIA1,GO:0044309,cellular_component
GRIA1,GO:0001965,molecular_function
GRIA1,GO:0008179,molecular_function
GRIA1,GO:0019865,molecular_function
GRIA1,GO:0019901,molecular_function
GRIA1,GO:0019904,molecular_function
GRIA1,GO:0031267,molecular_function
GRIA1,GO:0031489,molecular_function
GRIA1,GO:0031681,molecular_function
GRIA1,GO:0031698,molecular_function
GRIA1,GO:0035254,molecular_function
GRIA1,GO:0042802,molecular_function
GRIA1,GO:0051018,molecular_function
GRIA1,GO:0097110,molecular_function
GRIA1,GO:0001919,biological_process
GRIA1,GO:0007416,biological_process
GRIA1,GO:0007616,biological_process
GRIA1,GO:0009410,biological_process
GRIA1,GO:0009636,biological_process
GRIA1,GO:0010226,biological_process
GRIA1,GO:0010628,biological_process
GRIA1,GO:0014070,biological_process
GRIA1,GO:0019228,biological_process
GRIA1,GO:0021510,biological_process
GRIA1,GO:0021987,biological_process
GRIA1,GO:0031623,biological_process
GRIA1,GO:0032355,biological_process
GRIA1,GO:0042220,biological_process
GRIA1,GO:0043434,biological_process
GRIA1,GO:0045838,biological_process
GRIA1,GO:0046685,biological_process
GRIA1,GO:0048167,biological_process
GRIA1,GO:0050806,biological_process
GRIA1,GO:0051602,biological_process
GRIA1,GO:0060078,biological_process
GRIA1,GO:0060292,biological_process
GRIA1,GO:0060992,biological_process
GRIA1,GO:0071230,biological_process
GRIA1,GO:0071242,biological_process
GRIA1,GO:0071359,biological_process
GRIA1,GO:0071363,biological_process
GRIA1,GO:0071375,biological_process
GRIA1,GO:0071407,biological_process
GRIA1,GO:0071418,biological_process
GRIA1,GO:1990416,biological_process
GRIA1,GO:0005769,cellular_component
GRIA1,GO:0005911,cellular_component
GRIA1,GO:0008021,cellular_component
GRIA1,GO:0030672,cellular_component
GRIA1,GO:0031594,cellular_component
GRIA1,GO:0032279,cellular_component
GRIA1,GO:0032590,cellular_component
GRIA1,GO:0032809,cellular_component
GRIA1,GO:0036477,cellular_component
GRIA1,GO:0042734,cellular_component
GRIA1,GO:0043005,cellular_component
GRIA1,GO:0043198,cellular_component
GRIA1,GO:0044297,cellular_component
GRIA1,GO:0044308,cellular_component
GRIA1,GO:0048787,cellular_component
GRIA1,GO:0060076,cellular_component
GRIA1,GO:0098794,cellular_component
GRIA1,GO:0098978,cellular_component
GRIA1,GO:0099544,cellular_component
GRIA1,GO:0008328,cellular_component
GRIA1,GO:0032991,cellular_component
HJURP,,
HJURP,GO:0005634,cellular_component
HJURP,GO:0042393,molecular_function
HJURP,GO:0005654,cellular_component
HJURP,GO:0005730,cellular_component
HJURP,GO:0005829,cellular_component
HJURP,GO:0003677,molecular_function
HJURP,GO:0005694,cellular_component
HJURP,GO:0043229,cellular_component
HJURP,GO:0005515,molecular_function
HJURP,GO:0007049,biological_process
HJURP,GO:0007059,biological_process
HJURP,GO:0000775,cellular_component
HJURP,GO:0000776,cellular_component
HJURP,GO:0042802,molecular_function
HJURP,GO:0043254,biological_process
HJURP,GO:0034080,biological_process
HJURP,GO:0051101,biological_process
HMGCL,GO:0003824,molecular_function
HMGCL,GO:0004419,molecular_function
HMGCL,GO:0016833,molecular_function
HMGCL,GO:0006629,biological_process
HMGCL,GO:0032991,cellular_component
HMGCL,GO:0046872,molecular_function
HMGCL,GO:0005739,cellular_component
HMGCL,GO:0016829,molecular_function
HMGCL,GO:0005759,cellular_component
HMGCL,GO:0005777,cellular_component
HMGCL,GO:0030145,molecular_function
HMGCL,GO:0000287,molecular_function
HMGCL,GO:0006552,biological_process
HMGCL,GO:0005198,molecular_function
HMGCL,GO:0005829,cellular_component
HMGCL,GO:0005782,cellular_component
HMGCL,GO:0007005,biological_process
HMGCL,GO:0046951,biological_process
HMGCL,,
HOXD9,GO:0003677,molecular_function
HOXD9,GO:0006355,biological_process
HOXD9,GO:0005634,cellular_component
HOXD9,GO:0006351,biological_process
HOXD9,GO:0000981,molecular_function
HOXD9,GO:0005654,cellular_component
HOXD9,GO:0005730,cellular_component
HOXD9,GO:0000978,molecular_function
HOXD9,GO:0006357,biological_process
HOXD9,GO:0003700,molecular_function
HOXD9,GO:0000785,cellular_component
HOXD9,GO:0001227,molecular_function
HOXD9,GO:1990837,molecular_function
HOXD9,GO:0000122,biological_process
HOXD9,GO:0009952,biological_process
HOXD9,GO:0000977,molecular_function
HOXD9,GO:0048704,biological_process
HOXD9,GO:0009954,biological_process
HOXD9,GO:0007338,biological_process
HOXD9,GO:0007519,biological_process
HOXD9,GO:0008344,biological_process
HOXD9,GO:0010468,biological_process
HOXD9,GO:0030879,biological_process
HOXD9,GO:0035115,biological_process
HOXD9,GO:0035136,biological_process
HOXD9,GO:0035137,biological_process
HOXD9,GO:0045944,biological_process
HOXD9,GO:0048706,biological_process
HOXD9,GO:0048935,biological_process
HTR2A,GO:0007186,biological_process
HTR2A,GO:0016020,cellular_component
HTR2A,GO:0005886,cellular_component
HTR2A,GO:0004930,molecular_function
HTR2A,GO:0004993,molecular_function
HTR2A,GO:0042995,cellular_component
HTR2A,GO:0031410,cellular_component
HTR2A,GO:0007165,biological_process
HTR2A,GO:0005901,cellular_component
HTR2A,GO:0030425,cellular_component
HTR2A,GO:0005515,molecular_function
HTR2A,GO:0045202,cellular_component
HTR2A,GO:0030424,cellular_component
HTR2A,GO:0046718,biological_process
HTR2A,GO:0042802,molecular_function
HTR2A,GO:0098793,cellular_component
HTR2A,GO:0007610,biological_process
HTR2A,GO:0051209,biological_process
HTR2A,GO:0070374,biological_process
HTR2A,GO:0006874,biological_process
HTR2A,GO:0030594,molecular_function
HTR2A,GO:0007200,biological_process
HTR2A,GO:0007268,biological_process
HTR2A,GO:0043491,biological_process
HTR2A,GO:0001618,molecular_function
HTR2A,GO:0007187,biological_process
HTR2A,GO:0009410,biological_process
HTR2A,GO:0007202,biological_process
HTR2A,GO:0001587,molecular_function
HTR2A,GO:0030296,molecular_function
HTR2A,GO:0044877,molecular_function
HTR2A,GO:0051378,molecular_function
HTR2A,GO:0071886,molecular_function
HTR2A,GO:0001659,biological_process
HTR2A,GO:0006096,biological_process
HTR2A,GO:0007204,biological_process
HTR2A,GO:0007208,biological_process
HTR2A,GO:0007210,biological_process
HTR2A,GO:0007613,biological_process
HTR2A,GO:0008284,biological_process
HTR2A,GO:0010513,biological_process
HTR2A,GO:0014059,biological_process
HTR2A,GO:0014824,biological_process
HTR2A,GO:0014832,biological_process
HTR2A,GO:0043267,biological_process
HTR2A,GO:0043525,biological_process
HTR2A,GO:0044380,biological_process
HTR2A,GO:0045600,biological_process
HTR2A,GO:0045821,biological_process
HTR2A,GO:0045907,biological_process
HTR2A,GO:0048148,biological_process
HTR2A,GO:0050731,biological_process
HTR2A,GO:0050965,biological_process
HTR2A,GO:0050966,biological_process
HTR2A,GO:0051967,biological_process
HTR2A,GO:0098664,biological_process
HTR2A,GO:0099171,biological_process
HTR2A,GO:0042734,cellular_component
HTR2A,GO:0043025,cellular_component
HTR2A,GO:0043198,cellular_component
HTR2A,GO:0045211,cellular_component
HTR2A,GO:0070852,cellular_component
HTR2A,GO:0098978,cellular_component
HTR2A,GO:0098666,cellular_component
HTR2A,GO:0031982,cellular_component
IFI16,GO:0002218,biological_process
IFI16,GO:0035458,biological_process
IFI16,GO:0005634,cellular_component
IFI16,GO:0003723,molecular_function
IFI16,GO:0005737,cellular_component
IFI16,GO:0016020,cellular_component
IFI16,GO:0005654,cellular_component
IFI16,GO:0005730,cellular_component
IFI16,GO:0005829,cellular_component
IFI16,GO:0006915,biological_process
IFI16,GO:0003677,molecular_function
IFI16,GO:0000122,biological_process
IFI16,GO:0005515,molecular_function
IFI16,GO:0006914,biological_process
IFI16,GO:0002376,biological_process
IFI16,GO:0045087,biological_process
IFI16,GO:0051607,biological_process
IFI16,GO:0006954,biological_process
IFI16,GO:0045944,biological_process
IFI16,GO:0042802,molecular_function
IFI16,GO:0001819,biological_process
IFI16,GO:0045071,biological_process
IFI16,GO:0032731,biological_process
IFI16,GO:0045824,biological_process
IFI16,GO:0010506,biological_process
IFI16,GO:0045892,biological_process
IFI16,GO:0008134,molecular_function
IFI16,GO:0030224,biological_process
IFI16,GO:0045814,biological_process
IFI16,GO:0003690,molecular_function
IFI16,GO:0071479,biological_process
IFI16,GO:0042149,biological_process
IFI16,GO:0072332,biological_process
IFI16,GO:0097202,biological_process
IFI16,GO:0042771,biological_process
IFI16,GO:0043392,biological_process
IFI16,GO:0016607,cellular_component
IFI16,GO:0030099,biological_process
IFI16,GO:2000117,biological_process
IFI16,,
IMMP2L,GO:0016020,cellular_component
IMMP2L,GO:0006508,biological_process
IMMP2L,GO:0008236,molecular_function
IMMP2L,GO:0004252,molecular_function
IMMP2L,GO:0006465,biological_process
IMMP2L,GO:0006627,biological_process
IMMP2L,GO:0042720,cellular_component
IMMP2L,GO:0008233,molecular_function
IMMP2L,GO:0016787,molecular_function
IMMP2L,GO:0005739,cellular_component
IMMP2L,GO:0005743,cellular_component
IMMP2L,GO:0031090,cellular_component
IMMP2L,GO:0001541,biological_process
IMMP2L,GO:0006801,biological_process
IMMP2L,GO:0006974,biological_process
IMMP2L,GO:0007283,biological_process
IMMP2L,GO:0007420,biological_process
IMMP2L,GO:0008015,biological_process
IMMP2L,GO:0022904,biological_process
IMMP2L,GO:0030728,biological_process
IMMP2L,GO:0033108,biological_process
IMMP2L,GO:0061300,biological_process
IMMP2L,GO:0098796,cellular_component
IMMP2L,GO:0004175,molecular_function
IMMP2L,,
IMMP2L,GO:0005515,molecular_function
ITGBL1,GO:0005576,cellular_component
ITGBL1,GO:0005886,cellular_component
ITGBL1,GO:0007155,biological_process
ITGBL1,GO:0005925,cellular_component
ITGBL1,GO:0009986,cellular_component
ITGBL1,GO:0005178,molecular_function
ITGBL1,GO:0007229,biological_process
ITGBL1,GO:0008305,cellular_component
ITGBL1,,
KLK2,,
KLK2,GO:0006508,biological_process
KLK2,GO:0004252,molecular_function
KLK2,GO:0008233,molecular_function
KLK2,GO:0016787,molecular_function
KLK2,GO:0008236,molecular_function
KLK2,GO:0005576,cellular_component
KLK2,GO:0070062,cellular_component
KLK2,GO:0030141,cellular_component
LCE4A,GO:0008544,biological_process
LCE4A,GO:0005515,molecular_function
LCE4A,GO:0042802,molecular_function
LCE4A,GO:0031424,biological_process
LRP1B,GO:0005515,molecular_function
LRP1B,GO:0005509,molecular_function
LRP1B,GO:0016020,cellular_component
LRP1B,GO:0006897,biological_process
LRP1B,GO:0005886,cellular_component
LRP1B,GO:0043235,cellular_component
LRP1B,GO:0006898,biological_process
LRP1B,GO:0005041,molecular_function
LRP1B,GO:0015031,biological_process
LRP1B,,
LUC7L3,GO:0003729,molecular_function
LUC7L3,GO:0006376,biological_process
LUC7L3,GO:0005685,cellular_component
LUC7L3,GO:0005634,cellular_component
LUC7L3,GO:0003723,molecular_function
LUC7L3,GO:0006397,biological_process
LUC7L3,GO:0008380,biological_process
LUC7L3,GO:0016607,cellular_component
LUC7L3,GO:0005654,cellular_component
LUC7L3,GO:0003677,molecular_function
LUC7L3,GO:0005515,molecular_function
LUC7L3,GO:0071004,cellular_component
LUC7L3,,
MARCO,GO:0016020,cellular_component
MARCO,GO:0005044,molecular_function
MARCO,GO:0005886,cellular_component
MARCO,GO:0005581,cellular_component
MARCO,GO:0002376,biological_process
MARCO,GO:0045087,biological_process
MARCO,GO:0062023,cellular_component
MARCO,GO:0001664,molecular_function
MARCO,GO:0005737,cellular_component
MARCO,GO:0001540,molecular_function
MARCO,GO:0007166,biological_process
MARCO,GO:0030666,cellular_component
MARCO,GO:0004888,molecular_function
MARCO,GO:0001934,biological_process
MARCO,GO:0070374,biological_process
MARCO,GO:0097242,biological_process
MARCO,GO:0006898,biological_process
MARCO,GO:0038024,molecular_function
MARCO,GO:0006911,biological_process
MARCO,GO:0007193,biological_process
MARCO,GO:0006897,biological_process
MARCO,GO:0043277,biological_process
MARCO,GO:0038187,molecular_function
MARCO,,
MARK4,GO:0005524,molecular_function
MARK4,GO:0006468,biological_process
MARK4,GO:0004672,molecular_function
MARK4,GO:0005737,cellular_component
MARK4,GO:0042995,cellular_component
MARK4,GO:0000166,molecular_function
MARK4,GO:0004674,molecular_function
MARK4,GO:0016301,molecular_function
MARK4,GO:0016740,molecular_function
MARK4,GO:0016310,biological_process
MARK4,GO:0005829,cellular_component
MARK4,GO:0005856,cellular_component
MARK4,GO:0051301,biological_process
MARK4,GO:0030425,cellular_component
MARK4,GO:0050321,molecular_function
MARK4,GO:0005515,molecular_function
MARK4,GO:0007049,biological_process
MARK4,GO:0043005,cellular_component
MARK4,GO:0007399,biological_process
MARK4,GO:0106310,molecular_function
MARK4,GO:0030030,biological_process
MARK4,GO:0005815,cellular_component
MARK4,GO:0043130,molecular_function
MARK4,GO:0008017,molecular_function
MARK4,GO:0000226,biological_process
MARK4,GO:0005813,cellular_component
MARK4,GO:0015630,cellular_component
MARK4,GO:0001578,biological_process
MARK4,GO:1900227,biological_process
MARK4,GO:0035556,biological_process
MARK4,GO:0048156,molecular_function
MARK4,GO:0008093,molecular_function
MARK4,GO:0043015,molecular_function
MARK4,GO:0044782,biological_process
MARK4,GO:0043068,biological_process
MARK4,GO:1904781,biological_process
MARK4,GO:0036064,cellular_component
MARK4,GO:0045787,biological_process
MARK4,GO:0045724,biological_process
MARK4,GO:0046605,biological_process
MARK4,GO:0030496,cellular_component
MARK4,GO:0000930,cellular_component
MARK4,,
MED25,,
MED25,GO:0005634,cellular_component
MED25,GO:0005654,cellular_component
MED25,GO:0000122,biological_process
MED25,GO:0005515,molecular_function
MED25,GO:0045944,biological_process
MED25,GO:0005667,cellular_component
MED25,GO:0032968,biological_process
MED25,GO:0051123,biological_process
MED25,GO:0060261,biological_process
MED25,GO:0070847,cellular_component
MED25,GO:0016592,cellular_component
MED25,GO:0042974,molecular_function
MED25,GO:0001223,molecular_function
MED25,GO:0046965,molecular_function
MED25,GO:0048147,biological_process
MED25,GO:0035563,biological_process
MED25,GO:2001178,biological_process
MIR1197,GO:0035195,biological_process
MIR1197,GO:0016442,cellular_component
MIR1204,,
MIR128-2,GO:0016442,cellular_component
MIR134,GO:0035195,biological_process
MIR134,GO:0016442,cellular_component
MIR377,GO:0035195,biological_process
MIR377,GO:0016442,cellular_component
MIR379,,
MIR380,,
MIR412,GO:0035195,biological_process
MIR487A,GO:0035195,biological_process
MIR487A,GO:0016442,cellular_component
MIR488,GO:0035195,biological_process
MIR488,GO:0016442,cellular_component
MIR758,,
MIR770,GO:0035195,biological_process
MIR770,GO:0016442,cellular_component
MUC16,,
MUC16,GO:0005576,cellular_component
MUC16,GO:0016020,cellular_component
MUC16,GO:0005886,cellular_component
MUC16,GO:0007155,biological_process
MUC16,GO:0031982,cellular_component
MUC16,GO:0005515,molecular_function
MUC16,GO:0070062,cellular_component
MUC16,GO:0005796,cellular_component
MUC16,GO:0009897,cellular_component
MYT1,GO:0008270,molecular_function
MYT1,GO:0006355,biological_process
MYT1,GO:0005634,cellular_component
MYT1,GO:0046872,molecular_function
MYT1,GO:0003677,molecular_function
MYT1,GO:0005654,cellular_component
MYT1,GO:0005829,cellular_component
MYT1,GO:0003700,molecular_function
MYT1,GO:0030154,biological_process
MYT1,GO:0007399,biological_process
MYT1,GO:0006357,biological_process
MYT1,GO:0000981,molecular_function
MYT1,GO:0000785,cellular_component
MYT1,,
MYT1L,,
MYT1L,GO:0008270,molecular_function
MYT1L,GO:0006355,biological_process
MYT1L,GO:0005634,cellular_component
MYT1L,GO:0046872,molecular_function
MYT1L,GO:0003677,molecular_function
MYT1L,GO:0000122,biological_process
MYT1L,GO:0005694,cellular_component
MYT1L,GO:0030154,biological_process
MYT1L,GO:0006357,biological_process
MYT1L,GO:0007399,biological_process
MYT1L,GO:0000981,molecular_function
MYT1L,GO:0000785,cellular_component
MYT1L,GO:0048666,biological_process
MYT1L,GO:0048665,biological_process
MYT1L,GO:0030182,biological_process
MYT1L,GO:0001227,molecular_function
MYT1L,GO:0048663,biological_process
MYT1L,GO:0003700,molecular_function
NIPSNAP1,GO:0005739,cellular_component
NIPSNAP1,GO:0005515,molecular_function
NIPSNAP1,GO:0019233,biological_process
NIPSNAP1,GO:0016020,cellular_component
NIPSNAP1,GO:0097060,cellular_component
NIPSNAP1,,
NUP43,GO:0005515,molecular_function
NUP43,GO:0005634,cellular_component
NUP43,GO:0051028,biological_process
NUP43,GO:0016607,cellular_component
NUP43,GO:0015031,biological_process
NUP43,GO:0005654,cellular_component
NUP43,GO:0005829,cellular_component
NUP43,GO:0051301,biological_process
NUP43,GO:0005694,cellular_component
NUP43,GO:0005643,cellular_component
NUP43,GO:0007049,biological_process
NUP43,GO:0007059,biological_process
NUP43,GO:0000775,cellular_component
NUP43,GO:0000776,cellular_component
NUP43,GO:0005635,cellular_component
NUP43,GO:0031080,cellular_component
NUP43,GO:0006913,biological_process
NUP43,,
OPN5,GO:0007186,biological_process
OPN5,GO:0016020,cellular_component
OPN5,GO:0004930,molecular_function
OPN5,GO:0007601,biological_process
OPN5,GO:0050896,biological_process
OPN5,GO:0007165,biological_process
OPN5,GO:0009881,molecular_function
OPN5,GO:0007602,biological_process
OPN5,GO:0005737,cellular_component
OPN5,GO:0005886,cellular_component
OPN5,GO:0008020,molecular_function
OPN5,GO:0009584,biological_process
OPN5,GO:0071482,biological_process
OPN5,GO:0043153,biological_process
OPN5,GO:0071492,biological_process
OPN5,GO:1990384,biological_process
OPN5,GO:0005502,molecular_function
OPN5,GO:0007604,biological_process
OPN5,,
OR10A4,GO:0007186,biological_process
OR10A4,GO:0016020,cellular_component
OR10A4,GO:0004930,molecular_function
OR10A4,GO:0004984,molecular_function
OR10A4,GO:0050896,biological_process
OR10A4,GO:0007165,biological_process
OR10A4,GO:0005886,cellular_component
OR10A4,GO:0007608,biological_process
OR10A4,GO:0050911,biological_process
OR10A4,GO:0007411,biological_process
PAWR,,
PAWR,GO:0006915,biological_process
PAWR,GO:0005634,cellular_component
PAWR,GO:0005737,cellular_component
PAWR,GO:0005829,cellular_component
PAWR,GO:0005886,cellular_component
PAWR,GO:0019899,molecular_function
PAWR,GO:0003779,molecular_function
PAWR,GO:0015629,cellular_component
PAWR,GO:0005515,molecular_function
PAWR,GO:0043065,biological_process
PAWR,GO:0051017,biological_process
PAWR,GO:0003714,molecular_function
PAWR,GO:0005884,cellular_component
PAWR,GO:0000122,biological_process
PAWR,GO:0043522,molecular_function
PAWR,GO:0010628,biological_process
PAWR,GO:0010629,biological_process
PAWR,GO:0030889,biological_process
PAWR,GO:0042130,biological_process
PAWR,GO:0042986,biological_process
PAWR,GO:0048147,biological_process
PAWR,GO:0050860,biological_process
PAWR,GO:0097190,biological_process
PAWR,GO:1901300,biological_process
PAWR,GO:2000774,biological_process
PAWR,GO:0000785,cellular_component
PAX4,GO:0003677,molecular_function
PAX4,GO:0006355,biological_process
PAX4,GO:0000981,molecular_function
PAX4,GO:0005634,cellular_component
PAX4,GO:0030154,biological_process
PAX4,GO:0003676,molecular_function
PAX4,GO:0000978,molecular_function
PAX4,GO:0006357,biological_process
PAX4,GO:0048856,biological_process
PAX4,GO:0000785,cellular_component
PAX4,GO:1990837,molecular_function
PAX4,GO:0005654,cellular_component
PAX4,GO:0009887,biological_process
PAX4,GO:0001227,molecular_function
PAX4,GO:0003690,molecular_function
PAX4,GO:0000122,biological_process
PAX4,GO:0003309,biological_process
PAX4,GO:0007623,biological_process
PAX4,GO:0009410,biological_process
PAX4,GO:0030858,biological_process
PAX4,GO:0043066,biological_process
PAX4,GO:0045595,biological_process
PAX4,GO:0045892,biological_process
PAX4,GO:0051591,biological_process
PAX4,GO:0060041,biological_process
PAX4,,
PDGFD,GO:0016020,cellular_component
PDGFD,GO:0008083,molecular_function
PDGFD,GO:0005576,cellular_component
PDGFD,GO:0051781,biological_process
PDGFD,GO:0005615,cellular_component
PDGFD,GO:0070374,biological_process
PDGFD,GO:0000139,cellular_component
PDGFD,GO:0005788,cellular_component
PDGFD,GO:0008284,biological_process
PDGFD,GO:0030335,biological_process
PDGFD,GO:0051897,biological_process
PDGFD,GO:0048008,biological_process
PDGFD,GO:0005161,molecular_function
PDGFD,GO:0031954,biological_process
PDGFD,GO:0036120,biological_process
PDGFD,GO:0048146,biological_process
PDGFD,GO:0048661,biological_process
PDGFD,GO:0050730,biological_process
PDGFD,GO:0070301,biological_process
PDGFD,GO:0071230,biological_process
PDGFD,GO:0071560,biological_process
PDGFD,GO:0071673,biological_process
PDGFD,GO:0072126,biological_process
PDGFD,GO:2000439,biological_process
PDGFD,,
PFDN4,GO:0006457,biological_process
PFDN4,GO:0051082,molecular_function
PFDN4,GO:0016272,cellular_component
PFDN4,GO:0005634,cellular_component
PFDN4,GO:0005737,cellular_component
PFDN4,GO:0005739,cellular_component
PFDN4,GO:0005829,cellular_component
PFDN4,GO:0005515,molecular_function
PFDN4,GO:0051087,molecular_function
PFDN4,GO:0001540,molecular_function
PFDN4,GO:0061077,biological_process
PFDN4,GO:1905907,biological_process
PFDN4,,
PHC3,GO:0005515,molecular_function
PHC3,GO:0008270,molecular_function
PHC3,GO:0005634,cellular_component
PHC3,GO:0032991,cellular_component
PHC3,GO:0046872,molecular_function
PHC3,GO:0005654,cellular_component
PHC3,GO:0003677,molecular_function
PHC3,GO:0031519,cellular_component
PHC3,GO:0003682,molecular_function
PHC3,GO:0042393,molecular_function
PHC3,GO:0045892,biological_process
PHC3,GO:0035102,cellular_component
PHC3,,
PIWIL1,GO:0005515,molecular_function
PIWIL1,GO:0003676,molecular_function
PIWIL1,GO:0003723,molecular_function
PIWIL1,GO:0005737,cellular_component
PIWIL1,GO:0046872,molecular_function
PIWIL1,GO:0016787,molecular_function
PIWIL1,GO:0006417,biological_process
PIWIL1,GO:0030154,biological_process
PIWIL1,GO:0004519,molecular_function
PIWIL1,GO:0031047,biological_process
PIWIL1,GO:0004518,molecular_function
PIWIL1,GO:0051321,biological_process
PIWIL1,GO:0003729,molecular_function
PIWIL1,GO:0007283,biological_process
PIWIL1,GO:0061980,molecular_function
PIWIL1,GO:0004521,molecular_function
PIWIL1,GO:0007286,biological_process
PIWIL1,GO:0033391,cellular_component
PIWIL1,GO:0043186,cellular_component
PIWIL1,GO:0035092,biological_process
PIWIL1,GO:0034584,molecular_function
PIWIL1,GO:0141006,
PIWIL1,GO:0140990,
PIWIL1,,
PIWIL1,GO:0003727,molecular_function
PIWIL1,GO:0019901,molecular_function
PIWIL1,GO:0140262,molecular_function
PIWIL1,GO:1905538,molecular_function
PIWIL1,GO:0005634,cellular_component
PIWIL1,GO:0097433,cellular_component
PMEPA1,GO:0030512,biological_process
PMEPA1,GO:0070412,molecular_function
PMEPA1,GO:0016020,cellular_component
PMEPA1,GO:0005794,cellular_component
PMEPA1,GO:0043231,cellular_component
PMEPA1,GO:0005768,cellular_component
PMEPA1,GO:0000139,cellular_component
PMEPA1,GO:0009968,biological_process
PMEPA1,GO:0010008,cellular_component
PMEPA1,GO:0031901,cellular_component
PMEPA1,GO:0005886,cellular_component
PMEPA1,GO:0005515,molecular_function
PMEPA1,GO:0030521,biological_process
PMEPA1,GO:0060392,biological_process
PMEPA1,GO:0140311,molecular_function
PMEPA1,GO:0050699,
PMEPA1,,
POLR3A,,
POLR3A,GO:0003677,molecular_function
POLR3A,GO:0003899,molecular_function
POLR3A,GO:0006351,biological_process
POLR3A,GO:0005634,cellular_component
POLR3A,GO:0016020,cellular_component
POLR3A,GO:0046872,molecular_function
POLR3A,GO:0016740,molecular_function
POLR3A,GO:0005654,cellular_component
POLR3A,GO:0000428,cellular_component
POLR3A,GO:0002376,biological_process
POLR3A,GO:0045087,biological_process
POLR3A,GO:0051607,biological_process
POLR3A,GO:0016779,molecular_function
POLR3A,GO:0031981,cellular_component
POLR3A,GO:0005515,molecular_function
POLR3A,GO:0006383,biological_process
POLR3A,GO:0005829,cellular_component
POLR3A,GO:0034062,molecular_function
POLR3A,GO:0032728,biological_process
POLR3A,GO:0001056,molecular_function
POLR3A,GO:0003682,molecular_function
POLR3A,GO:0005666,cellular_component
PPP2CB,GO:0004721,molecular_function
PPP2CB,GO:0004722,molecular_function
PPP2CB,,
PPP2CB,GO:0016787,molecular_function
PPP2CB,GO:0010629,biological_process
PPP2CB,GO:0005634,cellular_component
PPP2CB,GO:0005737,cellular_component
PPP2CB,GO:0046872,molecular_function
PPP2CB,GO:0005856,cellular_component
PPP2CB,GO:0005694,cellular_component
PPP2CB,GO:0017018,molecular_function
PPP2CB,GO:0005515,molecular_function
PPP2CB,GO:0000775,cellular_component
PPP2CB,GO:0000159,cellular_component
PPP2CB,GO:0000922,cellular_component
PPP2CB,GO:0044325,molecular_function
PPP2CB,GO:0008637,biological_process
PPP2CB,GO:0010288,biological_process
PPP2CB,GO:0010468,biological_process
PPP2CB,GO:0034976,biological_process
PPP2CB,GO:0042542,biological_process
PPP2CB,GO:0043161,biological_process
PPP2CB,GO:0046580,biological_process
PPP2CB,GO:0046677,biological_process
PPP2CB,GO:0005829,cellular_component
PPP2CB,GO:0000278,biological_process
PPP2CB,GO:0048156,molecular_function
PPP2CB,GO:0006470,biological_process
PPP2CB,GO:0032088,biological_process
PPP2CB,GO:0035970,biological_process
PPP2CB,GO:0070262,biological_process
PPP2CB,GO:0010804,biological_process
PPP2CB,GO:1904528,biological_process
PRDM2,GO:0005515,molecular_function
PRDM2,GO:0042054,molecular_function
PRDM2,GO:0016571,biological_process
PRDM2,GO:0005634,cellular_component
PRDM2,GO:0005794,cellular_component
PRDM2,GO:0046872,molecular_function
PRDM2,GO:0016740,molecular_function
PRDM2,GO:0005654,cellular_component
PRDM2,GO:0008168,molecular_function
PRDM2,GO:0032259,biological_process
PRDM2,GO:0006338,biological_process
PRDM2,GO:0008270,molecular_function
PRDM2,GO:0003677,molecular_function
PRDM2,GO:0003700,molecular_function
PRDM2,GO:0006355,biological_process
PRDM2,GO:0000981,molecular_function
PRDM2,GO:0006357,biological_process
PRDM2,GO:0000977,molecular_function
PRDM2,GO:0001227,molecular_function
PRDM2,GO:0001228,molecular_function
PRDM2,GO:0000122,biological_process
PRDM2,GO:0045944,biological_process
PRDM2,GO:0140949,molecular_function
PRDM2,GO:0043565,molecular_function
PRDM2,GO:0008340,biological_process
PRDM2,,
PRG2,GO:0006955,biological_process
PRG2,GO:0005576,cellular_component
PRG2,GO:0031410,cellular_component
PRG2,GO:0030246,molecular_function
PRG2,GO:0005515,molecular_function
PRG2,GO:0002376,biological_process
PRG2,GO:0008201,molecular_function
PRG2,GO:0042742,biological_process
PRG2,GO:0030133,cellular_component
PRG2,GO:0070062,cellular_component
PRG2,GO:0062023,cellular_component
PRG2,GO:1904813,cellular_component
PRG2,GO:0030021,molecular_function
PRG2,GO:0002215,biological_process
PRG2,GO:0010936,biological_process
PRG2,GO:0032693,biological_process
PRG2,GO:0032753,biological_process
PRG2,,
PROKR2,GO:0007186,biological_process
PROKR2,GO:0016020,cellular_component
PROKR2,GO:0004930,molecular_function
PROKR2,GO:0004983,molecular_function
PROKR2,GO:0007165,biological_process
PROKR2,GO:0005886,cellular_component
PROKR2,GO:0005515,molecular_function
PROKR2,GO:0007218,biological_process
PROKR2,GO:0007623,biological_process
PSMD8,GO:0006508,biological_process
PSMD8,GO:0005838,cellular_component
PSMD8,GO:0000502,cellular_component
PSMD8,GO:0005634,cellular_component
PSMD8,GO:0005515,molecular_function
PSMD8,GO:0022624,cellular_component
PSMD8,GO:0043161,biological_process
PSMD8,GO:0005654,cellular_component
PSMD8,GO:0005829,cellular_component
PSMD8,GO:0008541,cellular_component
PSMD8,,
RAB17,GO:0003924,molecular_function
RAB17,GO:0005525,molecular_function
RAB17,,
RAB17,GO:0016020,cellular_component
RAB17,GO:0042995,cellular_component
RAB17,GO:0015031,biological_process
RAB17,GO:0000166,molecular_function
RAB17,GO:0005768,cellular_component
RAB17,GO:0030425,cellular_component
RAB17,GO:0005515,molecular_function
RAB17,GO:0055038,cellular_component
RAB17,GO:0042470,cellular_component
RAB17,GO:0016324,cellular_component
RAB17,GO:0055037,cellular_component
RAB17,GO:0016323,cellular_component
RAB17,GO:0002415,biological_process
RAB17,GO:0032401,biological_process
RAB17,GO:0032402,biological_process
RAB17,GO:0032456,biological_process
RAB17,GO:0045056,biological_process
RAB17,GO:0046847,biological_process
RAB17,GO:0050773,biological_process
RAB17,GO:0051489,biological_process
RAB17,GO:0051963,biological_process
RAB17,GO:0043025,cellular_component
RAB17,GO:0098794,cellular_component
RAB17,GO:0098978,cellular_component
RAB17,GO:0005886,cellular_component
RAB17,GO:0060271,biological_process
RAB17,GO:0006886,biological_process
RAB17,GO:0070062,cellular_component
RAB17,GO:0012505,cellular_component
RAB17,GO:0005769,cellular_component
RAB17,GO:0019003,molecular_function
RAB17,GO:0006897,biological_process
RAB17,GO:0030139,cellular_component
RAB17,GO:0030100,biological_process
RBM45,,
RBM45,GO:0003723,molecular_function
RBM45,GO:0003676,molecular_function
RBM45,GO:0005634,cellular_component
RBM45,GO:0005737,cellular_component
RBM45,GO:0005654,cellular_component
RBM45,GO:0030154,biological_process
RBM45,GO:0005515,molecular_function
RBM45,GO:0007399,biological_process
RBM45,GO:0042802,molecular_function
RBM45,GO:1990904,cellular_component
RELB,,
RELB,GO:0003677,molecular_function
RELB,GO:0006355,biological_process
RELB,GO:0005737,cellular_component
RELB,GO:0003700,molecular_function
RELB,GO:0005654,cellular_component
RELB,GO:0005829,cellular_component
RELB,GO:0010468,biological_process
RELB,GO:0000978,molecular_function
RELB,GO:0005634,cellular_component
RELB,GO:0032991,cellular_component
RELB,GO:0005856,cellular_component
RELB,GO:0005515,molecular_function
RELB,GO:0048511,biological_process
RELB,GO:0032922,biological_process
RELB,GO:0005813,cellular_component
RELB,GO:0000981,molecular_function
RELB,GO:0000785,cellular_component
RELB,GO:0045087,biological_process
RELB,GO:0045944,biological_process
RELB,GO:0019901,molecular_function
RELB,GO:0007249,biological_process
RELB,GO:0006954,biological_process
RELB,GO:0017053,cellular_component
RELB,GO:0034097,biological_process
RELB,GO:0038061,biological_process
RELB,GO:0042802,molecular_function
RELB,GO:0019882,biological_process
RELB,GO:0030098,biological_process
RELB,GO:0032688,biological_process
RELB,GO:0042088,biological_process
RELB,GO:0043011,biological_process
RELB,GO:0045063,biological_process
RELB,GO:0045892,biological_process
RELB,GO:0071470,biological_process
RELB,GO:0045202,cellular_component
RELB,GO:0071159,cellular_component
RETNLB,,
RETNLB,GO:0005576,cellular_component
RETNLB,GO:0005179,molecular_function
RETNLB,GO:0007165,biological_process
RETNLB,GO:0005615,cellular_component
RETNLB,GO:0003674,molecular_function
RETNLB,GO:0005575,cellular_component
RETNLB,GO:0050673,biological_process
RFX2,GO:0003677,molecular_function
RFX2,GO:0006355,biological_process
RFX2,GO:0005634,cellular_component
RFX2,GO:0003700,molecular_function
RFX2,GO:0005737,cellular_component
RFX2,GO:0030154,biological_process
RFX2,GO:0005515,molecular_function
RFX2,GO:0006357,biological_process
RFX2,GO:0030030,biological_process
RFX2,GO:0007283,biological_process
RFX2,GO:0000978,molecular_function
RFX2,GO:0000981,molecular_function
RFX2,GO:0060271,biological_process
RFX2,GO:0000785,cellular_component
RFX2,GO:1990837,molecular_function
RFX2,GO:0007286,biological_process
RFX2,GO:0001675,biological_process
RFX2,GO:0000977,molecular_function
RFX2,GO:0001228,molecular_function
RFX2,GO:0045944,biological_process
RFX2,GO:1990830,biological_process
RFX2,,
RGS10,GO:0005096,molecular_function
RGS10,GO:0008277,biological_process
RGS10,GO:0001965,molecular_function
RGS10,GO:0005634,cellular_component
RGS10,GO:0005737,cellular_component
RGS10,GO:0110165,cellular_component
RGS10,GO:0005654,cellular_component
RGS10,GO:0005829,cellular_component
RGS10,GO:0016604,cellular_component
RGS10,GO:0009968,biological_process
RGS10,GO:0005515,molecular_function
RGS10,GO:0045202,cellular_component
RGS10,GO:0005886,cellular_component
RGS10,GO:0043547,biological_process
RGS10,GO:0007213,biological_process
RGS10,GO:0003924,molecular_function
RGS10,GO:0007186,biological_process
RGS10,,
SCN7A,GO:0016020,cellular_component
SCN7A,GO:0005886,cellular_component
SCN7A,GO:0006811,biological_process
SCN7A,GO:0055085,biological_process
SCN7A,GO:0006814,biological_process
SCN7A,GO:0005216,molecular_function
SCN7A,GO:0005248,molecular_function
SCN7A,GO:0001518,cellular_component
SCN7A,GO:0005261,molecular_function
SCN7A,GO:0035725,biological_process
SCN7A,GO:0005272,molecular_function
SCN7A,GO:0034220,biological_process
SCN7A,GO:0098703,biological_process
SCN7A,GO:0006936,biological_process
SCN7A,GO:0005891,cellular_component
SCN7A,GO:0008331,molecular_function
SCN7A,GO:0034702,cellular_component
SCN7A,GO:0009617,biological_process
SCN7A,GO:0019725,biological_process
SCN7A,GO:0055078,biological_process
SCN7A,GO:0097386,cellular_component
SCN7A,GO:0098655,biological_process
SCN7A,,
SLC12A5,GO:0016020,cellular_component
SLC12A5,GO:0015379,molecular_function
SLC12A5,GO:0006811,biological_process
SLC12A5,GO:0022857,molecular_function
SLC12A5,GO:0055085,biological_process
SLC12A5,GO:0015377,molecular_function
SLC12A5,GO:0042995,cellular_component
SLC12A5,GO:0046872,molecular_function
SLC12A5,GO:0005886,cellular_component
SLC12A5,GO:0015293,molecular_function
SLC12A5,GO:0006813,biological_process
SLC12A5,GO:0030425,cellular_component
SLC12A5,GO:0045202,cellular_component
SLC12A5,GO:0006884,biological_process
SLC12A5,GO:0055064,biological_process
SLC12A5,GO:0055075,biological_process
SLC12A5,GO:1902476,biological_process
SLC12A5,GO:1990573,biological_process
SLC12A5,GO:0043005,cellular_component
SLC12A5,GO:0043025,cellular_component
SLC12A5,GO:0007268,biological_process
SLC12A5,GO:0015108,molecular_function
SLC12A5,GO:0019901,molecular_function
SLC12A5,GO:0060996,biological_process
SLC12A5,GO:0071944,cellular_component
SLC12A5,GO:0006971,biological_process
SLC12A5,GO:0030644,biological_process
SLC12A5,,
SLC12A5,GO:0008519,molecular_function
SLC12A5,GO:0006821,biological_process
SLC12A5,GO:0007612,biological_process
SLC12A5,GO:0009410,biological_process
SLC12A5,GO:0035264,biological_process
SLC12A5,GO:0040040,biological_process
SLC12A5,GO:0051452,biological_process
SLC12A5,GO:0071805,biological_process
SLC12A5,GO:0072488,biological_process
SLC12A5,GO:0032590,cellular_component
SLC12A5,GO:0043204,cellular_component
SLC35B4,GO:0055085,biological_process
SLC35B4,GO:0016020,cellular_component
SLC35B4,GO:0005794,cellular_component
SLC35B4,GO:0005783,cellular_component
SLC35B4,GO:0005789,cellular_component
SLC35B4,GO:0005515,molecular_function
SLC35B4,GO:0008643,biological_process
SLC35B4,GO:0000139,cellular_component
SLC35B4,GO:0005462,molecular_function
SLC35B4,GO:0005464,molecular_function
SLC35B4,GO:0006111,biological_process
SLC35B4,GO:0015790,biological_process
SLC35B4,GO:1990569,biological_process
SLC35B4,,
SMAP1,GO:0046872,molecular_function
SMAP1,GO:0005096,molecular_function
SMAP1,GO:0016020,cellular_component
SMAP1,GO:0005886,cellular_component
SMAP1,GO:0005737,cellular_component
SMAP1,GO:2000369,biological_process
SMAP1,GO:0005515,molecular_function
SMAP1,GO:0030276,molecular_function
SMAP1,GO:0045648,biological_process
SMAP1,,
SPRR1B,GO:0005737,cellular_component
SPRR1B,GO:0031424,biological_process
SPRR1B,GO:0001533,cellular_component
SPRR1B,GO:0005829,cellular_component
SPRR1B,GO:0005198,molecular_function
SPRR1B,GO:0030216,biological_process
SPRR1B,GO:0008544,biological_process
SPRR1B,GO:0018149,biological_process
SPRR2A,GO:0001533,cellular_component
SPRR2A,GO:0005737,cellular_component
SPRR2A,GO:0005576,cellular_component
SPRR2A,GO:0031410,cellular_component
SPRR2A,GO:0005515,molecular_function
SPRR2A,GO:0008289,molecular_function
SPRR2A,GO:0050830,biological_process
SPRR2A,GO:0042742,biological_process
SPRR2A,GO:0030133,cellular_component
SPRR2A,GO:0005829,cellular_component
SPRR2A,GO:0019731,biological_process
SPRR2A,GO:0030141,cellular_component
SPRR2A,GO:0048874,biological_process
SPRR3,GO:0005737,cellular_component
SPRR3,GO:0005515,molecular_function
SPRR3,GO:0031424,biological_process
SPRR3,GO:0005198,molecular_function
SPRR3,GO:0005829,cellular_component
SPRR3,GO:0070062,cellular_component
SPRR3,GO:0048471,cellular_component
SPRR3,GO:0008544,biological_process
SPRR3,GO:0030216,biological_process
SPRR3,GO:0042060,biological_process
SPRR3,GO:0001533,cellular_component
SPRR3,GO:0005794,cellular_component
SPRR3,,
STEAP2,,
STEAP2,GO:0016020,cellular_component
STEAP2,GO:0046872,molecular_function
STEAP2,GO:0005886,cellular_component
STEAP2,GO:0006811,biological_process
STEAP2,GO:0016491,molecular_function
STEAP2,GO:0005768,cellular_component
STEAP2,GO:0005829,cellular_component
STEAP2,GO:0006893,biological_process
STEAP2,GO:0000139,cellular_component
STEAP2,GO:0010008,cellular_component
STEAP2,GO:0005769,cellular_component
STEAP2,GO:0006897,biological_process
STEAP2,GO:0030140,cellular_component
STEAP2,GO:0045055,biological_process
STEAP2,GO:0006826,biological_process
STEAP2,GO:0009725,biological_process
STEAP2,GO:0015677,biological_process
STEAP2,GO:0008823,molecular_function
STEAP2,GO:0052851,molecular_function
STEAP2,GO:0098705,biological_process
STEAP2,GO:0098711,biological_process
TCN1,,
TCN1,GO:0031419,molecular_function
TCN1,GO:0015889,biological_process
TCN1,GO:0005576,cellular_component
TCN1,GO:0006811,biological_process
TCN1,GO:0005515,molecular_function
TCN1,GO:0005615,cellular_component
TCN1,GO:0006824,biological_process
TCN1,GO:0035580,cellular_component
TCN1,GO:1904724,cellular_component
TCN1,GO:0140313,molecular_function
TIPIN,GO:0005634,cellular_component
TIPIN,GO:0006974,biological_process
TIPIN,GO:0031297,biological_process
TIPIN,GO:0000076,biological_process
TIPIN,GO:0005737,cellular_component
TIPIN,GO:0051301,biological_process
TIPIN,GO:0005515,molecular_function
TIPIN,GO:0007049,biological_process
TIPIN,GO:0003677,molecular_function
TIPIN,GO:0005654,cellular_component
TIPIN,GO:0008284,biological_process
TIPIN,GO:0044770,biological_process
TIPIN,GO:0000785,cellular_component
TIPIN,GO:0000077,biological_process
TIPIN,GO:0009411,biological_process
TIPIN,GO:0031573,biological_process
TIPIN,GO:0033262,biological_process
TIPIN,GO:0043111,biological_process
TIPIN,GO:0031298,cellular_component
TIPIN,,
TM9SF4,GO:0016020,cellular_component
TM9SF4,GO:0005794,cellular_component
TM9SF4,GO:0005768,cellular_component
TM9SF4,GO:0007155,biological_process
TM9SF4,GO:0005515,molecular_function
TM9SF4,GO:0051453,biological_process
TM9SF4,GO:0005769,cellular_component
TM9SF4,GO:0006909,biological_process
TM9SF4,GO:0001666,biological_process
TM9SF4,GO:0072657,biological_process
TM9SF4,GO:2000010,biological_process
TM9SF4,GO:0070072,biological_process
TM9SF4,GO:0070863,biological_process
TM9SF4,,
TMPRSS2,GO:0016020,cellular_component
TMPRSS2,GO:0005515,molecular_function
TMPRSS2,GO:0006508,biological_process
TMPRSS2,GO:0005044,molecular_function
TMPRSS2,GO:0004252,molecular_function
TMPRSS2,GO:0005654,cellular_component
TMPRSS2,GO:0005886,cellular_component
TMPRSS2,GO:0008233,molecular_function
TMPRSS2,GO:0016787,molecular_function
TMPRSS2,GO:0008236,molecular_function
TMPRSS2,GO:0005576,cellular_component
TMPRSS2,GO:0016540,biological_process
TMPRSS2,GO:0070062,cellular_component
TMPRSS2,GO:0046598,biological_process
TMPRSS2,GO:0019081,biological_process
TMPRSS2,,
TRIM68,GO:0008270,molecular_function
TRIM68,GO:0005515,molecular_function
TRIM68,GO:0005634,cellular_component
TRIM68,GO:0005737,cellular_component
TRIM68,GO:0005794,cellular_component
TRIM68,GO:0046872,molecular_function
TRIM68,GO:0016740,molecular_function
TRIM68,GO:0005654,cellular_component
TRIM68,GO:0005730,cellular_component
TRIM68,GO:0005829,cellular_component
TRIM68,GO:0016567,biological_process
TRIM68,GO:0048471,cellular_component
TRIM68,GO:0004842,molecular_function
TRIM68,GO:0042802,molecular_function
TRIM68,GO:0061630,molecular_function
TRIM68,GO:0045087,biological_process
TRIM68,GO:0019901,molecular_function
TRIM68,GO:0000209,biological_process
TRIM68,GO:0042803,molecular_function
TRIM68,GO:0010508,biological_process
TRIM68,GO:0032880,biological_process
TRIM68,GO:0043123,biological_process
TRIM68,GO:0046596,biological_process
TRIM68,GO:0050681,molecular_function
TRIM68,GO:0051865,biological_process
TRIM68,GO:0035035,molecular_function
TRIM68,GO:0060765,biological_process
TRIM68,,
TYR,GO:0016491,molecular_function
TYR,GO:0005737,cellular_component
TYR,GO:0016020,cellular_component
TYR,GO:0031410,cellular_component
TYR,GO:0043231,cellular_component
TYR,GO:0046872,molecular_function
TYR,GO:0004497,molecular_function
TYR,GO:0042802,molecular_function
TYR,GO:0005764,cellular_component
TYR,GO:0042803,molecular_function
TYR,GO:0005515,molecular_function
TYR,GO:0048471,cellular_component
TYR,GO:0042470,cellular_component
TYR,GO:0042438,biological_process
TYR,GO:0033162,cellular_component
TYR,GO:0005507,molecular_function
TYR,GO:0007601,biological_process
TYR,GO:0004503,molecular_function
TYR,GO:0008283,biological_process
TYR,GO:0009411,biological_process
TYR,GO:0033280,biological_process
TYR,GO:0043473,biological_process
TYR,GO:0048538,biological_process
TYR,GO:0051591,biological_process
TYR,GO:0006583,biological_process
TYR,GO:0006726,biological_process
TYR,GO:0009637,biological_process
TYR,GO:0005798,cellular_component
TYR,,
UBE2V2,,
UBE2V2,GO:0005654,cellular_component
UBE2V2,GO:0005515,molecular_function
UBE2V2,GO:0005634,cellular_component
UBE2V2,GO:0070534,biological_process
UBE2V2,GO:0042275,biological_process
UBE2V2,GO:0070062,cellular_component
UBE2V2,GO:0005737,cellular_component
UBE2V2,GO:2000781,biological_process
UBE2V2,GO:0016567,biological_process
UBE2V2,GO:0000729,biological_process
UBE2V2,GO:0006282,biological_process
UBE2V2,GO:0006301,biological_process
UBE2V2,GO:1902523,biological_process
UBE2V2,GO:0031372,cellular_component
UBE2V2,GO:0000209,biological_process
UBE4B,GO:0006511,biological_process
UBE4B,GO:0004842,molecular_function
UBE4B,GO:0016567,biological_process
UBE4B,GO:0030433,biological_process
UBE4B,GO:0034450,molecular_function
UBE4B,GO:0000151,cellular_component
UBE4B,GO:0005634,cellular_component
UBE4B,GO:0005737,cellular_component
UBE4B,GO:0016740,molecular_function
UBE4B,GO:0019899,molecular_function
UBE4B,GO:0019538,biological_process
UBE4B,GO:0000209,biological_process
UBE4B,GO:0009411,biological_process
UBE4B,GO:0043161,biological_process
UBE4B,GO:0008626,biological_process
UBE4B,GO:0005515,molecular_function
UBE4B,,
UBE4B,GO:0006807,biological_process
UBE4B,GO:0043170,biological_process
UBE4B,GO:0044238,biological_process
UNC13C,GO:0005509,molecular_function
UNC13C,GO:0007268,biological_process
UNC13C,GO:0005543,molecular_function
UNC13C,GO:0019992,molecular_function
UNC13C,GO:0005737,cellular_component
UNC13C,GO:0016020,cellular_component
UNC13C,GO:0046872,molecular_function
UNC13C,GO:0006887,biological_process
UNC13C,GO:0098793,cellular_component
UNC13C,GO:0042995,cellular_component
UNC13C,GO:0005886,cellular_component
UNC13C,GO:0045202,cellular_component
UNC13C,GO:0042734,cellular_component
UNC13C,GO:0030672,cellular_component
UNC13C,GO:0005516,molecular_function
UNC13C,GO:0017075,molecular_function
UNC13C,GO:0016082,biological_process
UNC13C,GO:0007528,biological_process
UNC13C,GO:0043195,cellular_component
UNC13C,GO:0016081,biological_process
UNC13C,GO:0016188,biological_process
UNC13C,GO:0035249,biological_process
UNC13C,GO:0061789,biological_process
UNC13C,GO:0099525,biological_process
UNC13C,GO:0031594,cellular_component
UNC13C,GO:0098831,cellular_component
UNC13C,GO:0048786,cellular_component
UNC13C,GO:0016079,biological_process
UNC13C,GO:0031914,biological_process
UNC13C,GO:0044305,cellular_component
UNC13C,GO:0098688,cellular_component
UNC13C,,
WARS2,GO:0005524,molecular_function
WARS2,GO:0000166,molecular_function
WARS2,GO:0004812,molecular_function
WARS2,GO:0006418,biological_process
WARS2,GO:0004830,molecular_function
WARS2,GO:0006436,biological_process
WARS2,GO:0006412,biological_process
WARS2,GO:0005654,cellular_component
WARS2,GO:0005886,cellular_component
WARS2,GO:0005739,cellular_component
WARS2,GO:0005759,cellular_component
WARS2,GO:0016874,molecular_function
WARS2,GO:0070183,biological_process
WARS2,GO:0001570,biological_process
WARS2,GO:0045766,biological_process
WARS2,,
YOD1,GO:0005737,cellular_component
YOD1,GO:0046872,molecular_function
YOD1,GO:0004843,molecular_function
YOD1,GO:0008233,molecular_function
YOD1,GO:0008234,molecular_function
YOD1,GO:0006508,biological_process
YOD1,GO:0016787,molecular_function
YOD1,GO:0005515,molecular_function
YOD1,GO:0006986,biological_process
YOD1,GO:0016236,biological_process
YOD1,GO:0030433,biological_process
YOD1,GO:0030968,biological_process
YOD1,GO:0005829,cellular_component
YOD1,GO:0070536,biological_process
YOD1,GO:0071108,biological_process
YOD1,GO:0031625,molecular_function
YOD1,GO:0035871,biological_process
YOD1,GO:0061578,molecular_function
YOD1,GO:1990380,molecular_function
YOD1,GO:1904153,biological_process
YOD1,GO:0101005,molecular_function
YOD1,GO:0035523,biological_process
YOD1,GO:1990167,biological_process
YOD1,GO:1990168,biological_process
YTHDC1,GO:0003723,molecular_function
YTHDC1,GO:0005634,cellular_component
YTHDC1,GO:0006397,biological_process
YTHDC1,GO:0008380,biological_process
YTHDC1,GO:0016607,cellular_component
YTHDC1,GO:0005654,cellular_component
YTHDC1,GO:0005886,cellular_component
YTHDC1,GO:0005515,molecular_function
YTHDC1,GO:1990247,molecular_function
YTHDC1,GO:0006406,biological_process
YTHDC1,GO:0003729,molecular_function
YTHDC1,GO:0000398,biological_process
YTHDC1,GO:0000381,biological_process
YTHDC1,GO:0009048,biological_process
YTHDC1,GO:0010608,biological_process
YTHDC1,GO:0006376,biological_process
YTHDC1,GO:0048024,biological_process
YTHDC1,GO:0043488,biological_process
YTHDC1,,
YTHDC1,GO:0001701,biological_process
YTHDC1,GO:0007283,biological_process
YTHDC1,GO:0048160,biological_process
YTHDC1,GO:0110104,biological_process
ZBTB32,GO:0005515,molecular_function
ZBTB32,GO:0005634,cellular_component
ZBTB32,GO:0046872,molecular_function
ZBTB32,GO:0008270,molecular_function
ZBTB32,GO:0003677,molecular_function
ZBTB32,GO:0000978,molecular_function
ZBTB32,GO:0001817,biological_process
ZBTB32,GO:0000122,biological_process
ZBTB32,GO:0000981,molecular_function
ZBTB32,GO:0000785,cellular_component
ZBTB32,GO:1990837,molecular_function
ZBTB32,GO:0005654,cellular_component
ZBTB32,GO:0001227,molecular_function
ZBTB32,GO:0002682,biological_process
ZBTB32,,
ZBTB32,GO:0042802,molecular_function
